race_id,date,race_name,surface,distance,枠番,馬番,馬名,sex_code,age,斤量,騎手,調教師,馬体重,オッズ,人気,調子偏差値,調教タイム,調教短評,調教評価,厩舎コメント
202605040101,10月3日(土),2歳未勝利,ダ,1600,,,アオイノリプー,牡,2,56.0,田辺裕信,美浦尾形和幸,,14.1,4,,,,,
202605040101,10月3日(土),2歳未勝利,ダ,1600,,,アークレイリ,牡,2,56.0,丹内祐次,美浦尾形和幸,,63.3,10,,,,,
202605040101,10月3日(土),2歳未勝利,ダ,1600,,,ヴェットビルズ,牝,2,52.0,▲水沼元輝,美浦的場均,,266.3,15,,,,,
202605040101,10月3日(土),2歳未勝利,ダ,1600,,,カウェーカネム,牡,2,55.0,☆長浜鴻緒,美浦池上昌和,,107.4,12,,,,,
202605040101,10月3日(土),2歳未勝利,ダ,1600,,,サードアイ,牡,2,56.0,丸山元気,美浦蛯名正義,,33.0,6,,,,,
202605040101,10月3日(土),2歳未勝利,ダ,1600,,,スターフラッシュ,牡,2,56.0,Ｃ．ルメール,美浦木村哲也,,1.6,1,,,,,
202605040101,10月3日(土),2歳未勝利,ダ,1600,,,セイウンガジュマル,牡,2,56.0,木幡巧也,美浦牧光二,,62.1,9,,,,,
202605040101,10月3日(土),2歳未勝利,ダ,1600,,,ディアファザー,牡,2,56.0,菊沢一樹,美浦中川公成,,52.2,7,,,,,
202605040101,10月3日(土),2歳未勝利,ダ,1600,,,ノアヴェルテ,牡,2,56.0,杉原誠人,美浦中舘英二,,147.5,13,,,,,
202605040101,10月3日(土),2歳未勝利,ダ,1600,,,パレスラン,牡,2,56.0,Ｍ．ミシェル,美浦手塚貴久,,32.9,5,,,,,
202605040101,10月3日(土),2歳未勝利,ダ,1600,,,ヒゲキリ,牡,2,56.0,三浦皇成,美浦加藤士津八,,5.0,2,,,,,
202605040101,10月3日(土),2歳未勝利,ダ,1600,,,ベアヒロシデス,牡,2,56.0,松岡正海,美浦杉浦宏昭,,93.3,11,,,,,
202605040101,10月3日(土),2歳未勝利,ダ,1600,,,ホワイトフレアー,牡,2,56.0,原優介,美浦黒岩陽一,,61.4,8,,,,,
202605040101,10月3日(土),2歳未勝利,ダ,1600,,,ミクニルミナス,牡,2,56.0,内田博幸,美浦田中勝春,,150.5,14,,,,,
202605040101,10月3日(土),2歳未勝利,ダ,1600,,,ワンダーマーベル,牡,2,56.0,横山琉人,美浦斎藤誠,,5.4,3,,,,,
202605040102,10月3日(土),2歳未勝利,芝,2000,,,インテルラゴス,牝,2,55.0,Ｃ．ルメール,美浦奥村武,,2.6,1,,,,,
202605040102,10月3日(土),2歳未勝利,芝,2000,,,ウイニングレイ,牝,2,55.0,松岡正海,美浦戸田博文,,10.5,5,,,,,
202605040102,10月3日(土),2歳未勝利,芝,2000,,,ウカテンセイ,牝,2,53.0,△石神深道,美浦佐藤吉勝,,358.2,11,,,,,
202605040102,10月3日(土),2歳未勝利,芝,2000,,,シアルナーレ,牡,2,56.0,戸崎圭太,美浦田中博康,,4.8,3,,,,,
202605040102,10月3日(土),2歳未勝利,芝,2000,,,スカイミラー,牡,2,56.0,木幡巧也,美浦和田正一郎,,66.8,10,,,,,
202605040102,10月3日(土),2歳未勝利,芝,2000,,,スターマイン,牝,2,55.0,岩田康誠,美浦大竹正博,,18.1,7,,,,,
202605040102,10月3日(土),2歳未勝利,芝,2000,,,セイウンオオゾラ,牡,2,56.0,大野拓弥,美浦小手川準,,31.4,9,,,,,
202605040102,10月3日(土),2歳未勝利,芝,2000,,,ゼノスフィア,牡,2,56.0,津村明秀,美浦林徹,,17.7,6,,,,,
202605040102,10月3日(土),2歳未勝利,芝,2000,,,トパーズプレミア,牡,2,56.0,菊沢一樹,美浦伊藤大士,,22.3,8,,,,,
202605040102,10月3日(土),2歳未勝利,芝,2000,,,ラルコ,牝,2,55.0,田辺裕信,美浦中舘英二,,7.8,4,,,,,
202605040102,10月3日(土),2歳未勝利,芝,2000,,,ロゼプレミア,牡,2,56.0,横山和生,栗東東田明士,,4.5,2,,,,,
202605040103,10月3日(土),2歳新馬,芝,1400,,,アオイレイラ,牝,2,53.0,△石神深道,美浦高橋文雅,,29.9,12,,,,,
202605040103,10月3日(土),2歳新馬,芝,1400,,,アラネア,牡,2,56.0,武藤雅,美浦武藤善則,,35.0,14,,,,,
202605040103,10月3日(土),2歳新馬,芝,1400,,,アルティマノヴァ,牝,2,55.0,三浦皇成,美浦嘉藤貴行,,9.1,4,,,,,
202605040103,10月3日(土),2歳新馬,芝,1400,,,イレブンローズ,牝,2,55.0,横山武史,美浦栗田徹,,10.5,5,,,,,
202605040103,10月3日(土),2歳新馬,芝,1400,,,ウインドピット,牡,2,56.0,丹内祐次,美浦尾形和幸,,12.5,7,,,,,
202605040103,10月3日(土),2歳新馬,芝,1400,,,クロマメ,牡,2,56.0,菅原隆一,美浦小手川準,,51.5,18,,,,,
202605040103,10月3日(土),2歳新馬,芝,1400,,,サツキマンボ,牝,2,53.0,△石田拓郎,美浦天間昭一,,31.9,13,,,,,
202605040103,10月3日(土),2歳新馬,芝,1400,,,サニーガッサン,牡,2,56.0,丸山元気,美浦田島俊明,,26.9,10,,,,,
202605040103,10月3日(土),2歳新馬,芝,1400,,,ソードオブステート,牡,2,56.0,田辺裕信,美浦堀宣行,,3.8,1,,,,,
202605040103,10月3日(土),2歳新馬,芝,1400,,,タンタフェリチア,牝,2,55.0,横山和生,美浦手塚貴徳,,8.7,3,,,,,
202605040103,10月3日(土),2歳新馬,芝,1400,,,トモジャシャカ,牡,2,54.0,◇小林美駒,美浦鈴木伸尋,,18.0,8,,,,,
202605040103,10月3日(土),2歳新馬,芝,1400,,,ニシノナイトライト,牝,2,55.0,野中悠太郎,美浦和田勇介,,39.5,16,,,,,
202605040103,10月3日(土),2歳新馬,芝,1400,,,バサーニオ,牡,2,56.0,石橋脩,美浦勢司和浩,,27.3,11,,,,,
202605040103,10月3日(土),2歳新馬,芝,1400,,,フライングビー,牡,2,56.0,津村明秀,美浦池上昌和,,22.6,9,,,,,
202605040103,10月3日(土),2歳新馬,芝,1400,,,ポッドコーディア,牡,2,56.0,佐々木大輔,美浦上原佑紀,,11.6,6,,,,,
202605040103,10月3日(土),2歳新馬,芝,1400,,,マデイラシトリン,牝,2,55.0,Ｃ．ルメール,美浦田中勝春,,7.1,2,,,,,
202605040103,10月3日(土),2歳新馬,芝,1400,,,リアシュアー,牝,2,55.0,黛弘人,美浦清水英克,,39.6,17,,,,,
202605040103,10月3日(土),2歳新馬,芝,1400,,,ローズガーデン,牝,2,55.0,菊沢一樹,美浦竹内正洋,,38.5,15,,,,,
202605040104,10月3日(土),3歳以上障害OP,ダ,3100,,,エーオーキング,牡,4,60.0,草野太郎,美浦久保田貴士,,11.4,6,,,,,
202605040104,10月3日(土),3歳以上障害OP,ダ,3100,,,グラニットピーク,セ,6,58.0,△坂口智康,美浦田島俊明,,77.2,12,,,,,
202605040104,10月3日(土),3歳以上障害OP,ダ,3100,,,ゴールドブリーズ,牡,8,57.0,▲水沼元輝,美浦深山雅史,,40.1,11,,,,,
202605040104,10月3日(土),3歳以上障害OP,ダ,3100,,,サトノエピック,牡,5,60.0,上野翔,美浦奥村武,,8.5,4,,,,,
202605040104,10月3日(土),3歳以上障害OP,ダ,3100,,,セイウンパシュート,セ,6,60.0,五十嵐雄祐,美浦上原博之,,5.4,2,,,,,
202605040104,10月3日(土),3歳以上障害OP,ダ,3100,,,トーアマリシテン,セ,5,57.0,▲土田真翔,美浦小島茂之,,21.8,9,,,,,
202605040104,10月3日(土),3歳以上障害OP,ダ,3100,,,ハイウェイスター,牝,5,58.0,中村将之,栗東宮本博,,15.7,7,,,,,
202605040104,10月3日(土),3歳以上障害OP,ダ,3100,,,ブライトマン,セ,5,60.0,大江原圭,美浦蛯名正義,,3.1,1,,,,,
202605040104,10月3日(土),3歳以上障害OP,ダ,3100,,,ブラックバラード,セ,5,60.0,伴啓太,美浦嘉藤貴行,,16.6,8,,,,,
202605040104,10月3日(土),3歳以上障害OP,ダ,3100,,,ベイビーベリッシモ,牡,4,57.0,▲小林凌大,美浦大和田成,,24.0,10,,,,,
202605040104,10月3日(土),3歳以上障害OP,ダ,3100,,,メイショウソウセキ,牡,4,60.0,難波剛健,栗東松永幹夫,,5.6,3,,,,,
202605040104,10月3日(土),3歳以上障害OP,ダ,3100,,,ロードオールライト,牡,5,60.0,小牧加矢太,栗東中内田充正,,9.2,5,,,,,
202605040105,10月3日(土),2歳新馬,芝,1800,,,アイアンマン,牡,2,56.0,菊沢一樹,美浦大和田成,,27.9,10,,,,,
202605040105,10月3日(土),2歳新馬,芝,1800,,,ヴァルカモニカ,牝,2,55.0,Ｃ．ルメール,美浦宮田敬介,,2.6,1,,,,,
202605040105,10月3日(土),2歳新馬,芝,1800,,,サラサシンシアズ,牝,2,55.0,横山武史,美浦古賀慎明,,7.9,4,,,,,
202605040105,10月3日(土),2歳新馬,芝,1800,,,スキエンティア,牡,2,56.0,武藤雅,美浦水野貴広,,19.5,9,,,,,
202605040105,10月3日(土),2歳新馬,芝,1800,,,セイウンウェルス,牡,2,56.0,野中悠太郎,美浦伊藤大士,,28.1,11,,,,,
202605040105,10月3日(土),2歳新馬,芝,1800,,,センチュリースカイ,牡,2,56.0,丹内祐次,栗東小栗実,,9.9,5,,,,,
202605040105,10月3日(土),2歳新馬,芝,1800,,,テルケンレンコール,牡,2,56.0,三浦皇成,美浦高柳瑞樹,,11.0,6,,,,,
202605040105,10月3日(土),2歳新馬,芝,1800,,,ヒシホライゾン,牡,2,56.0,佐々木大輔,美浦堀宣行,,7.7,3,,,,,
202605040105,10月3日(土),2歳新馬,芝,1800,,,ビタークレス,牡,2,56.0,木幡巧也,美浦秋本大介,,13.3,7,,,,,
202605040105,10月3日(土),2歳新馬,芝,1800,,,ポルターガイスト,牡,2,56.0,柴田大知,美浦松永康利,,17.5,8,,,,,
202605040105,10月3日(土),2歳新馬,芝,1800,,,ロードディグニティ,牡,2,56.0,戸崎圭太,栗東藤原英昭,,5.9,2,,,,,
202605040106,10月3日(土),3歳以上1勝クラス,ダ,1400,,,エジプシャンマウ,牝,3,52.0,△石神深道,美浦武井亮,,11.3,6,,,,,
202605040106,10月3日(土),3歳以上1勝クラス,ダ,1400,,,オオゾラヒバリ,牝,5,56.0,岩田康誠,美浦秋本大介,,80.8,13,,,,,
202605040106,10月3日(土),3歳以上1勝クラス,ダ,1400,,,オテンバプリンセス,牝,3,52.0,◇小林美駒,美浦加藤士津八,,15.2,7,,,,,
202605040106,10月3日(土),3歳以上1勝クラス,ダ,1400,,,オーシャンステラ,牝,3,54.0,横山武史,美浦菊沢隆徳,,5.6,3,,,,,
202605040106,10月3日(土),3歳以上1勝クラス,ダ,1400,,,ガンバレベアー,牝,4,56.0,大野拓弥,美浦杉浦宏昭,,71.9,12,,,,,
202605040106,10月3日(土),3歳以上1勝クラス,ダ,1400,,,キカオクベシ,牝,4,56.0,野中悠太郎,美浦佐藤吉勝,,193.9,15,,,,,
202605040106,10月3日(土),3歳以上1勝クラス,ダ,1400,,,クラリネットソナタ,牝,4,56.0,丹内祐次,美浦柄崎将寿,,9.9,5,,,,,
202605040106,10月3日(土),3歳以上1勝クラス,ダ,1400,,,ケイツープラ,牝,3,54.0,原優介,美浦蛯名利弘,,8.9,4,,,,,
202605040106,10月3日(土),3歳以上1勝クラス,ダ,1400,,,コウユーニポポニコ,牝,3,52.0,△石田拓郎,美浦竹内正洋,,21.1,10,,,,,
202605040106,10月3日(土),3歳以上1勝クラス,ダ,1400,,,チームユートピア,牝,3,54.0,佐々木大輔,美浦中舘英二,,4.1,1,,,,,
202605040106,10月3日(土),3歳以上1勝クラス,ダ,1400,,,デルマケセラセラ,牝,4,53.0,▲上里直汰,美浦小野次郎,,93.2,14,,,,,
202605040106,10月3日(土),3歳以上1勝クラス,ダ,1400,,,フクチャンヒメ,牝,4,56.0,江田照男,美浦加藤征弘,,50.2,11,,,,,
202605040106,10月3日(土),3歳以上1勝クラス,ダ,1400,,,マナマカナ,牝,5,56.0,木幡巧也,美浦天間昭一,,264.4,16,,,,,
202605040106,10月3日(土),3歳以上1勝クラス,ダ,1400,,,ミヤエスケープ,牝,3,54.0,菊沢一樹,美浦伊藤圭三,,4.6,2,,,,,
202605040106,10月3日(土),3歳以上1勝クラス,ダ,1400,,,ロジザボード,牝,3,54.0,戸崎圭太,美浦古賀慎明,,15.8,8,,,,,
202605040106,10月3日(土),3歳以上1勝クラス,ダ,1400,,,ローズブーケ,牝,3,54.0,津村明秀,美浦鈴木伸尋,,16.5,9,,,,,
202605040107,10月3日(土),3歳以上1勝クラス,芝,1400,,,アイアンパイク,牝,3,54.0,横山典弘,美浦村田一誠,,5.8,3,,,,,
202605040107,10月3日(土),3歳以上1勝クラス,芝,1400,,,アトリウムチャペル,牝,5,56.0,横山和生,美浦浅利英明,,46.4,12,,,,,
202605040107,10月3日(土),3歳以上1勝クラス,芝,1400,,,アルマロクザン,牝,6,53.0,▲遠藤汰月,美浦伊藤伸一,,139.5,18,,,,,
202605040107,10月3日(土),3歳以上1勝クラス,芝,1400,,,カフェラバー,牝,3,52.0,△石神深道,美浦和田正一郎,,16.8,6,,,,,
202605040107,10月3日(土),3歳以上1勝クラス,芝,1400,,,グリオンヴール,牡,3,56.0,Ｃ．ルメール,美浦宮田敬介,,2.6,1,,,,,
202605040107,10月3日(土),3歳以上1勝クラス,芝,1400,,,コルチェスター,牡,4,58.0,岩田康誠,美浦尾関知人,,24.5,7,,,,,
202605040107,10月3日(土),3歳以上1勝クラス,芝,1400,,,ソナタン,牡,4,58.0,野中悠太郎,美浦和田勇介,,59.7,13,,,,,
202605040107,10月3日(土),3歳以上1勝クラス,芝,1400,,,タイキプレジール,牡,3,56.0,石橋脩,美浦矢野英一,,35.7,9,,,,,
202605040107,10月3日(土),3歳以上1勝クラス,芝,1400,,,ダイユウアレグロ,牡,3,56.0,田辺裕信,美浦松永康利,,10.1,4,,,,,
202605040107,10月3日(土),3歳以上1勝クラス,芝,1400,,,ナックホワイト,牝,3,54.0,大野拓弥,美浦杉浦宏昭,,39.5,11,,,,,
202605040107,10月3日(土),3歳以上1勝クラス,芝,1400,,,ニシノイストワール,セ,4,58.0,Ｍ．ミシェル,美浦鹿戸雄一,,117.6,17,,,,,
202605040107,10月3日(土),3歳以上1勝クラス,芝,1400,,,ノーブルクロンヌ,牝,3,54.0,丹内祐次,美浦高柳瑞樹,,36.8,10,,,,,
202605040107,10月3日(土),3歳以上1勝クラス,芝,1400,,,ピエドゥラパン,牝,3,54.0,津村明秀,美浦千葉直人,,26.8,8,,,,,
202605040107,10月3日(土),3歳以上1勝クラス,芝,1400,,,ヘルモソブレード,牝,3,54.0,杉原誠人,美浦岩戸孝樹,,112.1,16,,,,,
202605040107,10月3日(土),3歳以上1勝クラス,芝,1400,,,ヤジロベエバランス,牝,3,51.0,▲佐藤翔馬,美浦岩戸孝樹,,61.2,14,,,,,
202605040107,10月3日(土),3歳以上1勝クラス,芝,1400,,,リネンタイリン,牡,3,56.0,菊沢一樹,美浦平岩大典,,92.8,15,,,,,
202605040107,10月3日(土),3歳以上1勝クラス,芝,1400,,,リラ,牝,3,54.0,佐々木大輔,美浦蛯名正義,,10.7,5,,,,,
202605040107,10月3日(土),3歳以上1勝クラス,芝,1400,,,ワディアルリヤハ,牝,3,54.0,戸崎圭太,美浦中舘英二,,5.2,2,,,,,
202605040108,10月3日(土),3歳以上1勝クラス,ダ,1600,,,ウインドワンピース,牡,6,56.0,△石田拓郎,美浦新開幸一,,240.4,15,,,,,
202605040108,10月3日(土),3歳以上1勝クラス,ダ,1600,,,エドワードバローズ,牡,4,58.0,岩田康誠,美浦奥村武,,15.3,3,,,,,
202605040108,10月3日(土),3歳以上1勝クラス,ダ,1600,,,オブシディアン,牡,6,58.0,菅原隆一,美浦石栗龍彦,,630.0,16,,,,,
202605040108,10月3日(土),3歳以上1勝クラス,ダ,1600,,,カシノスパーク,牡,3,54.0,△石神深道,美浦天間昭一,,108.1,12,,,,,
202605040108,10月3日(土),3歳以上1勝クラス,ダ,1600,,,カンレイスキー,牡,4,58.0,江田照男,美浦竹内正洋,,192.2,13,,,,,
202605040108,10月3日(土),3歳以上1勝クラス,ダ,1600,,,キングクレオール,牡,5,56.0,◇小林美駒,美浦和田雄二,,238.8,14,,,,,
202605040108,10月3日(土),3歳以上1勝クラス,ダ,1600,,,コッレヴェッキオ,セ,5,58.0,丹内祐次,美浦高橋文雅,,30.6,6,,,,,
202605040108,10月3日(土),3歳以上1勝クラス,ダ,1600,,,コーシューパンジャ,牡,4,57.0,☆長浜鴻緒,美浦相沢郁,,32.5,7,,,,,
202605040108,10月3日(土),3歳以上1勝クラス,ダ,1600,,,サトノシャムロック,セ,4,58.0,原優介,美浦古賀慎明,,66.3,11,,,,,
202605040108,10月3日(土),3歳以上1勝クラス,ダ,1600,,,ジーティーブラック,牡,3,56.0,菊沢一樹,美浦菊沢隆徳,,28.6,5,,,,,
202605040108,10月3日(土),3歳以上1勝クラス,ダ,1600,,,スターエンブレム,牡,4,58.0,内田博幸,美浦林徹,,53.5,9,,,,,
202605040108,10月3日(土),3歳以上1勝クラス,ダ,1600,,,タキノボリ,牡,4,58.0,横山和生,美浦勢司和浩,,59.5,10,,,,,
202605040108,10月3日(土),3歳以上1勝クラス,ダ,1600,,,ピースサイン,セ,3,56.0,Ｍ．ミシェル,美浦浅利英明,,24.5,4,,,,,
202605040108,10月3日(土),3歳以上1勝クラス,ダ,1600,,,ファンタイムギフト,セ,4,58.0,田辺裕信,美浦相沢郁,,43.6,8,,,,,
202605040108,10月3日(土),3歳以上1勝クラス,ダ,1600,,,プレースメント,牡,3,56.0,Ｃ．ルメール,美浦蛯名正義,,1.3,1,,,,,
202605040108,10月3日(土),3歳以上1勝クラス,ダ,1600,,,マサッチェハマー,牡,3,56.0,三浦皇成,美浦伊藤大士,,5.3,2,,,,,
202605040109,10月3日(土),八ヶ岳特別,芝,1800,,,イージーライダー,牡,3,56.0,横山武史,栗東杉山晴紀,,8.5,5,,,,,
202605040109,10月3日(土),八ヶ岳特別,芝,1800,,,コスモスプモーニ,牡,6,58.0,木幡巧也,美浦松山将樹,,497.2,12,,,,,
202605040109,10月3日(土),八ヶ岳特別,芝,1800,,,ステラスペース,牡,3,56.0,武藤雅,美浦武藤善則,,21.1,8,,,,,
202605040109,10月3日(土),八ヶ岳特別,芝,1800,,,ディープキング,牡,9,58.0,丹内祐次,美浦中舘英二,,23.2,9,,,,,
202605040109,10月3日(土),八ヶ岳特別,芝,1800,,,ドッグウッド,牡,3,56.0,戸崎圭太,美浦斎藤誠,,5.0,3,,,,,
202605040109,10月3日(土),八ヶ岳特別,芝,1800,,,ノビリシマビジョン,牝,4,56.0,津村明秀,美浦青木孝文,,8.3,4,,,,,
202605040109,10月3日(土),八ヶ岳特別,芝,1800,,,ファムクラジューズ,牝,3,54.0,菊沢一樹,美浦黒岩陽一,,13.8,6,,,,,
202605040109,10月3日(土),八ヶ岳特別,芝,1800,,,フィールドノート,牡,4,58.0,Ｃ．ルメール,美浦木村哲也,,3.5,1,,,,,
202605040109,10月3日(土),八ヶ岳特別,芝,1800,,,ホウオウシンデレラ,牝,5,56.0,丸田恭介,美浦奥村武,,17.6,7,,,,,
202605040109,10月3日(土),八ヶ岳特別,芝,1800,,,マイネルアレス,牡,4,58.0,石橋脩,美浦相沢郁,,28.8,10,,,,,
202605040109,10月3日(土),八ヶ岳特別,芝,1800,,,ミッキージャンプ,牡,3,56.0,佐々木大輔,栗東池江泰寿,,3.8,2,,,,,
202605040109,10月3日(土),八ヶ岳特別,芝,1800,,,レッドバレンティア,牡,6,58.0,原優介,美浦古賀大生,,197.9,11,,,,,
202605040110,10月3日(土),白秋ステークス,芝,1400,,,エヴァンスウィート,牝,5,52.0,佐々木大輔,栗東友道康夫,,41.5,9,,,,,
202605040110,10月3日(土),白秋ステークス,芝,1400,,,キタサンダムール,牝,6,54.0,原優介,栗東清水久詞,,60.8,13,,,,,
202605040110,10月3日(土),白秋ステークス,芝,1400,,,グーテンベルク,牡,4,56.0,戸崎圭太,美浦金成貴史,,10.8,7,,,,,
202605040110,10月3日(土),白秋ステークス,芝,1400,,,コスモアディラート,牡,8,53.0,柴田大知,美浦和田正一郎,,258.1,18,,,,,
202605040110,10月3日(土),白秋ステークス,芝,1400,,,コスモサガルマータ,セ,6,55.0,横山和生,美浦嘉藤貴行,,91.2,15,,,,,
202605040110,10月3日(土),白秋ステークス,芝,1400,,,サトミノキラリ,牡,5,55.0,小林美駒,美浦鈴木伸尋,,53.6,12,,,,,
202605040110,10月3日(土),白秋ステークス,芝,1400,,,シャイフ,牡,4,56.0,横山典弘,栗東安田翔伍,,6.2,2,,,,,
202605040110,10月3日(土),白秋ステークス,芝,1400,,,セシリエプラージュ,牝,5,52.0,Ｍ．ミシェル,栗東中村直也,,92.8,16,,,,,
202605040110,10月3日(土),白秋ステークス,芝,1400,,,チャンネルトンネル,牡,5,57.0,横山武史,栗東福永祐一,,7.6,3,,,,,
202605040110,10月3日(土),白秋ステークス,芝,1400,,,トライアンフパス,牝,3,51.0,松岡正海,栗東宮徹,,13.0,8,,,,,
202605040110,10月3日(土),白秋ステークス,芝,1400,,,ヒシアマン,牡,4,57.0,大野拓弥,美浦堀宣行,,10.2,6,,,,,
202605040110,10月3日(土),白秋ステークス,芝,1400,,,ビップジーニー,牡,5,54.0,横山琉人,栗東松下武士,,142.6,17,,,,,
202605040110,10月3日(土),白秋ステークス,芝,1400,,,フォーゲル,牡,3,54.0,池添謙一,栗東斉藤崇史,,8.2,4,,,,,
202605040110,10月3日(土),白秋ステークス,芝,1400,,,ブリックワーク,牝,5,52.0,吉田豊,栗東辻野泰之,,89.5,14,,,,,
202605040110,10月3日(土),白秋ステークス,芝,1400,,,ホウオウシェリー,牝,5,53.0,津村明秀,美浦池上昌和,,10.0,5,,,,,
202605040110,10月3日(土),白秋ステークス,芝,1400,,,ミストレス,牝,4,52.0,古川奈穂,栗東矢作芳人,,52.3,11,,,,,
202605040110,10月3日(土),白秋ステークス,芝,1400,,,モンシュマン,牡,5,56.0,岩田康誠,美浦辻哲英,,48.3,10,,,,,
202605040110,10月3日(土),白秋ステークス,芝,1400,,,レッドキングリー,牡,4,57.0,Ｃ．ルメール,美浦木村哲也,,3.1,1,,,,,
202605040111,10月3日(土),グリーンチャンネルカップ,ダ,1600,,,ヴィヴァン,牡,8,57.0,佐々木大輔,栗東池江泰寿,,80.3,12,,,,,
202605040111,10月3日(土),グリーンチャンネルカップ,ダ,1600,,,オウギノカナメ,牡,6,57.0,菊沢一樹,美浦高木登,,42.8,8,,,,,
202605040111,10月3日(土),グリーンチャンネルカップ,ダ,1600,,,オーブルクール,牝,5,55.0,石橋脩,美浦矢野英一,,320.1,15,,,,,
202605040111,10月3日(土),グリーンチャンネルカップ,ダ,1600,,,ジャスティンアース,牡,5,58.0,Ｃ．ルメール,栗東杉山晴紀,,12.4,5,,,,,
202605040111,10月3日(土),グリーンチャンネルカップ,ダ,1600,,,ジンセイ,牡,5,57.0,丹内祐次,栗東庄野靖志,,22.4,6,,,,,
202605040111,10月3日(土),グリーンチャンネルカップ,ダ,1600,,,スナッピードレッサ,牡,4,57.0,大野拓弥,美浦大竹正博,,5.7,3,,,,,
202605040111,10月3日(土),グリーンチャンネルカップ,ダ,1600,,,トリリオンボーイ,セ,4,57.0,津村明秀,美浦武井亮,,63.0,11,,,,,
202605040111,10月3日(土),グリーンチャンネルカップ,ダ,1600,,,ドンエレクトス,牡,3,55.0,三浦皇成,美浦高木登,,3.0,2,,,,,
202605040111,10月3日(土),グリーンチャンネルカップ,ダ,1600,,,ヒルノドゴール,牡,5,57.0,戸崎圭太,栗東北出成人,,48.1,9,,,,,
202605040111,10月3日(土),グリーンチャンネルカップ,ダ,1600,,,フリームファクシ,牡,6,60.0,Ｍ．ミシェル,栗東須貝尚介,,133.3,14,,,,,
202605040111,10月3日(土),グリーンチャンネルカップ,ダ,1600,,,ヘニーガイスト,牡,4,57.0,横山武史,美浦加藤征弘,,2.8,1,,,,,
202605040111,10月3日(土),グリーンチャンネルカップ,ダ,1600,,,マピュース,牝,4,56.0,田辺裕信,美浦和田勇介,,22.4,7,,,,,
202605040111,10月3日(土),グリーンチャンネルカップ,ダ,1600,,,メルキオル,牡,4,57.0,原優介,栗東松永幹夫,,121.1,13,,,,,
202605040111,10月3日(土),グリーンチャンネルカップ,ダ,1600,,,ルヴァレドクール,セ,4,57.0,横山和生,美浦中舘英二,,10.3,4,,,,,
202605040111,10月3日(土),グリーンチャンネルカップ,ダ,1600,,,ルージュスタニング,牝,5,55.0,岩田康誠,栗東友道康夫,,51.8,10,,,,,
202605040112,10月3日(土),3歳以上2勝クラス,ダ,1400,,,エチャケナ,牝,5,56.0,伊藤工真,美浦金成貴史,,91.1,13,,,,,
202605040112,10月3日(土),3歳以上2勝クラス,ダ,1400,,,エムティエスターテ,牡,4,58.0,大野拓弥,美浦矢野英一,,27.5,7,,,,,
202605040112,10月3日(土),3歳以上2勝クラス,ダ,1400,,,ケブランリ,牡,3,56.0,戸崎圭太,美浦加藤士津八,,7.0,4,,,,,
202605040112,10月3日(土),3歳以上2勝クラス,ダ,1400,,,ゴルデールスカー,牡,6,58.0,杉原誠人,栗東加藤公太,,142.8,15,,,,,
202605040112,10月3日(土),3歳以上2勝クラス,ダ,1400,,,シホノペルフェット,牡,4,56.0,◇小林美駒,栗東寺島良,,41.6,9,,,,,
202605040112,10月3日(土),3歳以上2勝クラス,ダ,1400,,,ショーリバース,牡,3,56.0,横山典弘,美浦鈴木伸尋,,4.0,2,,,,,
202605040112,10月3日(土),3歳以上2勝クラス,ダ,1400,,,タリエシン,セ,6,56.0,△石田拓郎,美浦秋本大介,,667.4,16,,,,,
202605040112,10月3日(土),3歳以上2勝クラス,ダ,1400,,,トラヴェリンバンド,牡,4,58.0,丹内祐次,栗東西村真幸,,18.2,6,,,,,
202605040112,10月3日(土),3歳以上2勝クラス,ダ,1400,,,トーホウキザン,牡,6,57.0,☆長浜鴻緒,栗東高橋康之,,115.5,14,,,,,
202605040112,10月3日(土),3歳以上2勝クラス,ダ,1400,,,フィリップ,牡,5,58.0,津村明秀,美浦岩戸孝樹,,54.3,11,,,,,
202605040112,10月3日(土),3歳以上2勝クラス,ダ,1400,,,ヘリテージブルーム,牡,3,56.0,田辺裕信,美浦伊藤圭三,,4.5,3,,,,,
202605040112,10月3日(土),3歳以上2勝クラス,ダ,1400,,,ホウオウゴールド,牡,4,58.0,原優介,美浦栗田徹,,53.7,10,,,,,
202605040112,10月3日(土),3歳以上2勝クラス,ダ,1400,,,マジッククッキー,牡,3,54.0,△石神深道,美浦加藤士津八,,3.3,1,,,,,
202605040112,10月3日(土),3歳以上2勝クラス,ダ,1400,,,メルシージュテーム,牝,4,56.0,Ｍ．ミシェル,美浦西田雄一郎,,39.2,8,,,,,
202605040112,10月3日(土),3歳以上2勝クラス,ダ,1400,,,レッドダンルース,牡,6,58.0,丸山元気,美浦古賀大生,,73.1,12,,,,,
202605040112,10月3日(土),3歳以上2勝クラス,ダ,1400,,,レーティッシュ,牡,4,58.0,横山武史,栗東高橋一哉,,8.6,5,,,,,
202605040201,10月4日(日),2歳未勝利,芝,1800,,,イニシャルポイント,牝,2,55.0,丹内祐次,美浦高木登,,19.5,5,,,,,
202605040201,10月4日(日),2歳未勝利,芝,1800,,,エピックジャーニー,牡,2,56.0,荻野極,美浦浅利英明,,5.1,2,,,,,
202605040201,10月4日(日),2歳未勝利,芝,1800,,,オシゴリ,牝,2,55.0,内田博幸,美浦深山雅史,,312.3,12,,,,,
202605040201,10月4日(日),2歳未勝利,芝,1800,,,ゴクラクチョウカ,牝,2,53.0,△石神深道,美浦和田雄二,,185.4,9,,,,,
202605040201,10月4日(日),2歳未勝利,芝,1800,,,コスモグリュー,牝,2,55.0,柴田大知,美浦田島俊明,,123.0,7,,,,,
202605040201,10月4日(日),2歳未勝利,芝,1800,,,コンフィアル,牡,2,56.0,田辺裕信,美浦嘉藤貴行,,10.4,4,,,,,
202605040201,10月4日(日),2歳未勝利,芝,1800,,,セールデュクール,牝,2,55.0,木幡巧也,美浦深山雅史,,231.1,10,,,,,
202605040201,10月4日(日),2歳未勝利,芝,1800,,,ダノンダックス,牡,2,56.0,Ｃ．ルメール,美浦田中博康,,1.4,1,,,,,
202605040201,10月4日(日),2歳未勝利,芝,1800,,,バーチディダーマ,牝,2,55.0,原田和真,美浦蛯名利弘,,91.2,6,,,,,
202605040201,10月4日(日),2歳未勝利,芝,1800,,,ブラックナザレ,牡,2,56.0,嶋田純次,美浦佐藤吉勝,,238.8,11,,,,,
202605040201,10月4日(日),2歳未勝利,芝,1800,,,ミスティビーコン,牡,2,56.0,佐々木大輔,栗東橋田宜長,,7.9,3,,,,,
202605040201,10月4日(日),2歳未勝利,芝,1800,,,ユイノヘラクレス,牡,2,56.0,木幡初也,美浦深山雅史,,148.9,8,,,,,
202605040202,10月4日(日),2歳未勝利,芝,1400,,,アイビークロノス,牡,2,56.0,木幡巧也,美浦牧光二,,72.7,13,,,,,
202605040202,10月4日(日),2歳未勝利,芝,1400,,,アテナプロマコス,牝,2,55.0,岩田康誠,美浦和田勇介,,50.0,12,,,,,
202605040202,10月4日(日),2歳未勝利,芝,1400,,,ウィルレーヴィア,牡,2,54.0,△石田拓郎,美浦尾形和幸,,75.7,14,,,,,
202605040202,10月4日(日),2歳未勝利,芝,1400,,,エーアイクワイ,牡,2,56.0,横山琉人,美浦相沢郁,,6.9,4,,,,,
202605040202,10月4日(日),2歳未勝利,芝,1400,,,クラウンロムパイア,牡,2,56.0,木幡育也,美浦松永康利,,127.6,16,,,,,
202605040202,10月4日(日),2歳未勝利,芝,1400,,,クリガーレ,牡,2,56.0,丸田恭介,美浦武市康男,,12.0,7,,,,,
202605040202,10月4日(日),2歳未勝利,芝,1400,,,クールボビー,牡,2,56.0,津村明秀,美浦矢野英一,,19.1,9,,,,,
202605040202,10月4日(日),2歳未勝利,芝,1400,,,コックニー,牡,2,56.0,丹内祐次,美浦田中剛,,11.0,6,,,,,
202605040202,10月4日(日),2歳未勝利,芝,1400,,,セイウンイーリス,牝,2,55.0,幸英明,美浦深山雅史,,6.3,3,,,,,
202605040202,10月4日(日),2歳未勝利,芝,1400,,,タワーウマザンマイ,牡,2,56.0,原優介,美浦青木孝文,,122.3,15,,,,,
202605040202,10月4日(日),2歳未勝利,芝,1400,,,ディスペアーホープ,牡,2,56.0,田辺裕信,美浦小手川準,,18.8,8,,,,,
202605040202,10月4日(日),2歳未勝利,芝,1400,,,ニシノアナベル,牝,2,55.0,内田博幸,美浦本間忍,,28.2,11,,,,,
202605040202,10月4日(日),2歳未勝利,芝,1400,,,ピクシーブラスト,牝,2,55.0,菊沢一樹,美浦岩戸孝樹,,3.9,1,,,,,
202605040202,10月4日(日),2歳未勝利,芝,1400,,,ビップラージャ,牡,2,56.0,戸崎圭太,美浦嘉藤貴行,,10.4,5,,,,,
202605040202,10月4日(日),2歳未勝利,芝,1400,,,ヨドノプレミアム,牡,2,56.0,佐々木大輔,美浦菊川正達,,5.8,2,,,,,
202605040202,10月4日(日),2歳未勝利,芝,1400,,,ワイズジュエル,牝,2,54.0,☆長浜鴻緒,美浦本間忍,,21.3,10,,,,,
202605040203,10月4日(日),2歳新馬,ダ,1600,,,アストロカノン,牡,2,56.0,佐々木大輔,美浦高柳瑞樹,,19.4,10,,,,,
202605040203,10月4日(日),2歳新馬,ダ,1600,,,アルヴィットーリア,牡,2,54.0,△石田拓郎,美浦新開幸一,,32.9,15,,,,,
202605040203,10月4日(日),2歳新馬,ダ,1600,,,ヴェントセラーレ,牡,2,56.0,津村明秀,美浦嘉藤貴行,,13.7,5,,,,,
202605040203,10月4日(日),2歳新馬,ダ,1600,,,エコロゴッド,牡,2,56.0,菊沢一樹,美浦岩戸孝樹,,15.0,7,,,,,
202605040203,10月4日(日),2歳新馬,ダ,1600,,,オーケーグラン,牡,2,56.0,横山琉人,美浦相沢郁,,20.5,12,,,,,
202605040203,10月4日(日),2歳新馬,ダ,1600,,,コールドアズアイス,牡,2,56.0,武藤雅,美浦高木登,,17.4,9,,,,,
202605040203,10月4日(日),2歳新馬,ダ,1600,,,コールレスポンス,牡,2,56.0,野中悠太郎,美浦田中博康,,13.1,4,,,,,
202605040203,10月4日(日),2歳新馬,ダ,1600,,,サラサハヤブサ,牝,2,55.0,横山典弘,美浦村田一誠,,13.8,6,,,,,
202605040203,10月4日(日),2歳新馬,ダ,1600,,,シンボリサーブル,牡,2,56.0,大野拓弥,美浦菊川正達,,16.4,8,,,,,
202605040203,10月4日(日),2歳新馬,ダ,1600,,,ジーティーカグラ,牡,2,56.0,岩田康誠,美浦栗田徹,,7.5,3,,,,,
202605040203,10月4日(日),2歳新馬,ダ,1600,,,タイザンフクン,牡,2,56.0,Ｃ．ルメール,美浦武井亮,,4.4,1,,,,,
202605040203,10月4日(日),2歳新馬,ダ,1600,,,ドーリック,牡,2,56.0,荻野極,美浦稲垣幸雄,,22.6,13,,,,,
202605040203,10月4日(日),2歳新馬,ダ,1600,,,ピュアティアラ,牝,2,55.0,木幡巧也,美浦室井潔,,19.8,11,,,,,
202605040203,10月4日(日),2歳新馬,ダ,1600,,,フェデュデスタン,牡,2,53.0,▲上里直汰,美浦勢司和浩,,29.5,14,,,,,
202605040203,10月4日(日),2歳新馬,ダ,1600,,,マックスプロックス,牡,2,55.0,☆長浜鴻緒,美浦田中剛,,47.4,16,,,,,
202605040203,10月4日(日),2歳新馬,ダ,1600,,,ワイドヴァラー,牡,2,56.0,戸崎圭太,栗東藤原英昭,,5.0,2,,,,,
202605040204,10月4日(日),3歳以上障害未勝利,ダ,3000,,,アップストローク,セ,7,60.0,草野太郎,美浦杉浦宏昭,,3.9,1,,,,,
202605040204,10月4日(日),3歳以上障害未勝利,ダ,3000,,,アンノウンウォリア,牡,7,60.0,黒岩悠,栗東平田修,,49.2,11,,,,,
202605040204,10月4日(日),3歳以上障害未勝利,ダ,3000,,,ヴェストラン,牡,5,60.0,小坂忠士,栗東本田優,,11.3,6,,,,,
202605040204,10月4日(日),3歳以上障害未勝利,ダ,3000,,,エンジョイドライブ,牡,4,60.0,小野寺祐太,栗東宮本博,,7.1,3,,,,,
202605040204,10月4日(日),3歳以上障害未勝利,ダ,3000,,,キャプテンシー,セ,5,60.0,中村将之,栗東松永幹夫,,12.5,8,,,,,
202605040204,10月4日(日),3歳以上障害未勝利,ダ,3000,,,グランナヴィール,牡,5,60.0,上野翔,美浦堀内岳志,,4.3,2,,,,,
202605040204,10月4日(日),3歳以上障害未勝利,ダ,3000,,,コブラ,牡,7,58.0,△坂口智康,美浦菊沢隆徳,,11.1,5,,,,,
202605040204,10月4日(日),3歳以上障害未勝利,ダ,3000,,,ジェロニモス,牡,5,60.0,難波剛健,栗東中村直也,,11.4,7,,,,,
202605040204,10月4日(日),3歳以上障害未勝利,ダ,3000,,,ジュリアスローズ,牝,5,58.0,大江原圭,美浦粕谷昌央,,91.0,14,,,,,
202605040204,10月4日(日),3歳以上障害未勝利,ダ,3000,,,タガノバルコス,牡,7,60.0,高田潤,栗東秋山真一郎,,8.3,4,,,,,
202605040204,10月4日(日),3歳以上障害未勝利,ダ,3000,,,ナスノソナタ,牡,4,57.0,▲水沼元輝,美浦武井亮,,22.1,10,,,,,
202605040204,10月4日(日),3歳以上障害未勝利,ダ,3000,,,ヒロノゴウカイ,牡,7,60.0,江田勇亮,美浦蛯名利弘,,83.8,13,,,,,
202605040204,10月4日(日),3歳以上障害未勝利,ダ,3000,,,フラムリンガム,セ,5,60.0,伴啓太,美浦柄崎将寿,,20.2,9,,,,,
202605040204,10月4日(日),3歳以上障害未勝利,ダ,3000,,,ルクスマーベリック,セ,5,57.0,▲小林凌大,美浦大和田成,,71.2,12,,,,,
202605040205,10月4日(日),2歳新馬,芝,2000,,,エメラルドプレミア,牡,2,56.0,佐々木大輔,美浦菊川正達,,15.9,9,,,,,
202605040205,10月4日(日),2歳新馬,芝,2000,,,サトノラディアント,牡,2,56.0,戸崎圭太,栗東高橋康之,,8.0,5,,,,,
202605040205,10月4日(日),2歳新馬,芝,2000,,,シダス,牡,2,56.0,横山琉人,美浦相沢郁,,28.7,12,,,,,
202605040205,10月4日(日),2歳新馬,芝,2000,,,シャインシュネル,牡,2,56.0,石橋脩,美浦小野次郎,,9.2,6,,,,,
202605040205,10月4日(日),2歳新馬,芝,2000,,,シルヴァノーブル,牡,2,56.0,横山典弘,栗東昆貢,,5.7,2,,,,,
202605040205,10月4日(日),2歳新馬,芝,2000,,,シルバータイガー,牡,2,56.0,大野拓弥,美浦和田正一郎,,28.1,11,,,,,
202605040205,10月4日(日),2歳新馬,芝,2000,,,スズノハヤブサ,牡,2,56.0,横山武史,美浦尾関知人,,11.1,7,,,,,
202605040205,10月4日(日),2歳新馬,芝,2000,,,ピエナモルタル,牡,2,56.0,原田和真,美浦萱野浩二,,27.8,10,,,,,
202605040205,10月4日(日),2歳新馬,芝,2000,,,マイネルユンフェン,牡,2,56.0,丹内祐次,美浦伊藤大士,,6.9,4,,,,,
202605040205,10月4日(日),2歳新馬,芝,2000,,,ランパディアス,牡,2,56.0,坂井瑠星,美浦黒岩陽一,,6.6,3,,,,,
202605040205,10月4日(日),2歳新馬,芝,2000,,,リントヴルム,牡,2,56.0,Ｃ．ルメール,美浦大竹正博,,4.7,1,,,,,
202605040205,10月4日(日),2歳新馬,芝,2000,,,ロジヴィジョン,牝,2,55.0,西村淳也,美浦加藤征弘,,13.7,8,,,,,
202605040206,10月4日(日),2歳新馬,芝,1600,,,ウィレマイト,牝,2,55.0,坂井瑠星,美浦辻哲英,,14.2,8,,,,,
202605040206,10月4日(日),2歳新馬,芝,1600,,,ゴールドパーティー,牝,2,55.0,野中悠太郎,美浦田中勝春,,32.4,13,,,,,
202605040206,10月4日(日),2歳新馬,芝,1600,,,サンデー,牝,2,55.0,津村明秀,栗東橋口慎介,,10.6,5,,,,,
202605040206,10月4日(日),2歳新馬,芝,1600,,,シドニーハーバー,牝,2,55.0,荻野極,美浦大竹正博,,9.7,4,,,,,
202605040206,10月4日(日),2歳新馬,芝,1600,,,ジョーティス,牝,2,55.0,Ｃ．ルメール,美浦手塚貴久,,3.5,1,,,,,
202605040206,10月4日(日),2歳新馬,芝,1600,,,ディアム,牝,2,55.0,横山武史,美浦小笠倫弘,,8.7,3,,,,,
202605040206,10月4日(日),2歳新馬,芝,1600,,,ドンタククイーン,牝,2,55.0,丸田恭介,美浦田中勝春,,33.1,14,,,,,
202605040206,10月4日(日),2歳新馬,芝,1600,,,ニシノメガミサマ,牝,2,55.0,武藤雅,美浦武藤善則,,23.5,11,,,,,
202605040206,10月4日(日),2歳新馬,芝,1600,,,ヘヴンリーワールド,牝,2,55.0,丹内祐次,美浦平岩大典,,10.8,6,,,,,
202605040206,10月4日(日),2歳新馬,芝,1600,,,ランプリサージュ,牝,2,55.0,田辺裕信,美浦中舘英二,,11.7,7,,,,,
202605040206,10月4日(日),2歳新馬,芝,1600,,,リプレイハズシ,牝,2,53.0,◇小林美駒,美浦深山雅史,,26.4,12,,,,,
202605040206,10月4日(日),2歳新馬,芝,1600,,,リリーリリー,牝,2,55.0,小林脩斗,美浦浅利英明,,20.9,9,,,,,
202605040206,10月4日(日),2歳新馬,芝,1600,,,ルージュクエーサー,牝,2,55.0,佐々木大輔,美浦鹿戸雄一,,5.8,2,,,,,
202605040206,10月4日(日),2歳新馬,芝,1600,,,レンミッキ,牝,2,55.0,柴田大知,美浦伊藤大士,,21.4,10,,,,,
202605040207,10月4日(日),3歳以上1勝クラス,ダ,1400,,,アバレリュウ,牡,4,58.0,野中悠太郎,美浦鈴木慎太郎,,23.2,10,,,,,
202605040207,10月4日(日),3歳以上1勝クラス,ダ,1400,,,イサチルシーキング,牡,3,56.0,大野拓弥,美浦辻哲英,,11.6,5,,,,,
202605040207,10月4日(日),3歳以上1勝クラス,ダ,1400,,,ヴァルボナ,牡,3,56.0,内田博幸,美浦中舘英二,,39.3,14,,,,,
202605040207,10月4日(日),3歳以上1勝クラス,ダ,1400,,,サルファー,セ,4,58.0,佐々木大輔,美浦秋本大介,,15.4,7,,,,,
202605040207,10月4日(日),3歳以上1勝クラス,ダ,1400,,,シュガーハイ,牡,4,55.0,▲上里直汰,美浦加藤和宏,,45.8,15,,,,,
202605040207,10月4日(日),3歳以上1勝クラス,ダ,1400,,,シンガソング,牝,4,56.0,松岡正海,美浦堀内岳志,,182.7,16,,,,,
202605040207,10月4日(日),3歳以上1勝クラス,ダ,1400,,,セブンメデュラス,セ,4,58.0,Ｃ．ルメール,美浦木村哲也,,3.3,1,,,,,
202605040207,10月4日(日),3歳以上1勝クラス,ダ,1400,,,ソードマスター,牡,4,58.0,Ｍ．ミシェル,美浦小笠倫弘,,31.7,13,,,,,
202605040207,10月4日(日),3歳以上1勝クラス,ダ,1400,,,タイセイモノリス,牡,3,55.0,☆長浜鴻緒,美浦栗田徹,,23.1,9,,,,,
202605040207,10月4日(日),3歳以上1勝クラス,ダ,1400,,,パータリプトラ,セ,3,56.0,幸英明,美浦武井亮,,23.6,11,,,,,
202605040207,10月4日(日),3歳以上1勝クラス,ダ,1400,,,フクシマブリルハム,牡,3,56.0,横山琉人,美浦小島茂之,,26.8,12,,,,,
202605040207,10月4日(日),3歳以上1勝クラス,ダ,1400,,,ブリックンクリック,セ,4,58.0,津村明秀,美浦中舘英二,,14.5,6,,,,,
202605040207,10月4日(日),3歳以上1勝クラス,ダ,1400,,,ヘルヴェティオス,牡,4,58.0,坂井瑠星,美浦金成貴史,,7.0,3,,,,,
202605040207,10月4日(日),3歳以上1勝クラス,ダ,1400,,,ペロ,牡,5,58.0,丸山元気,美浦浅利英明,,17.6,8,,,,,
202605040207,10月4日(日),3歳以上1勝クラス,ダ,1400,,,リドルトリガー,牝,4,56.0,田辺裕信,美浦小島茂之,,10.2,4,,,,,
202605040207,10月4日(日),3歳以上1勝クラス,ダ,1400,,,レピュニット,牡,3,56.0,荻野極,美浦宮田敬介,,5.6,2,,,,,
202605040208,10月4日(日),3歳以上1勝クラス,芝,1800,,,ウインファヴォリ,セ,4,58.0,原田和真,美浦松尾卓哉,,41.5,11,,,,,
202605040208,10月4日(日),3歳以上1勝クラス,芝,1800,,,エナジーショット,牝,4,56.0,横山琉人,美浦矢嶋大樹,,531.3,16,,,,,
202605040208,10月4日(日),3歳以上1勝クラス,芝,1800,,,オメガディコン,牡,3,56.0,岩田康誠,美浦浅利英明,,32.8,10,,,,,
202605040208,10月4日(日),3歳以上1勝クラス,芝,1800,,,ガールネクストドア,牝,4,56.0,嶋田純次,美浦佐藤吉勝,,509.4,15,,,,,
202605040208,10月4日(日),3歳以上1勝クラス,芝,1800,,,ショウナンダイン,セ,3,56.0,石橋脩,美浦森一誠,,22.0,7,,,,,
202605040208,10月4日(日),3歳以上1勝クラス,芝,1800,,,ソラネルマン,牡,3,56.0,Ｃ．ルメール,美浦手塚貴久,,2.3,1,,,,,
202605040208,10月4日(日),3歳以上1勝クラス,芝,1800,,,ディバインウインド,牡,3,56.0,西村淳也,美浦堀宣行,,4.5,2,,,,,
202605040208,10月4日(日),3歳以上1勝クラス,芝,1800,,,ディヒターリーベ,牝,4,55.0,☆長浜鴻緒,美浦高橋文雅,,31.9,9,,,,,
202605040208,10月4日(日),3歳以上1勝クラス,芝,1800,,,ティラーノ,牡,3,56.0,原優介,美浦小手川準,,141.4,14,,,,,
202605040208,10月4日(日),3歳以上1勝クラス,芝,1800,,,デリュージョン,牡,4,58.0,松若風馬,栗東奥村豊,,48.6,12,,,,,
202605040208,10月4日(日),3歳以上1勝クラス,芝,1800,,,テンレディーゴー,牡,3,56.0,丹内祐次,美浦菊川正達,,23.8,8,,,,,
202605040208,10月4日(日),3歳以上1勝クラス,芝,1800,,,ハルノアメ,牡,3,53.0,▲佐藤翔馬,美浦上原博之,,115.1,13,,,,,
202605040208,10月4日(日),3歳以上1勝クラス,芝,1800,,,フリーヤ,牝,3,54.0,横山武史,美浦鈴木伸尋,,7.8,3,,,,,
202605040208,10月4日(日),3歳以上1勝クラス,芝,1800,,,フレンドモナコ,牡,3,53.0,▲水沼元輝,美浦加藤和宏,,836.4,17,,,,,
202605040208,10月4日(日),3歳以上1勝クラス,芝,1800,,,モントゥリエ,牝,3,54.0,坂井瑠星,美浦中舘英二,,12.3,6,,,,,
202605040208,10月4日(日),3歳以上1勝クラス,芝,1800,,,ヤエギリ,牝,4,56.0,津村明秀,栗東福永祐一,,10.8,4,,,,,
202605040208,10月4日(日),3歳以上1勝クラス,芝,1800,,,ルージュリリック,牝,3,54.0,佐々木大輔,美浦上原佑紀,,12.0,5,,,,,
202605040209,10月4日(日),tvk賞,芝,1400,,,イヌボウノウタゴエ,牝,3,54.0,横山武史,美浦西田雄一郎,,4.7,2,,,,,
202605040209,10月4日(日),tvk賞,芝,1400,,,ウフドゥウフ,牡,4,58.0,田辺裕信,美浦上原博之,,8.3,4,,,,,
202605040209,10月4日(日),tvk賞,芝,1400,,,エイヨーアメジスト,牝,4,56.0,幸英明,栗東高橋康之,,74.2,14,,,,,
202605040209,10月4日(日),tvk賞,芝,1400,,,カガラプンツェル,牝,3,54.0,原田和真,美浦萱野浩二,,63.4,12,,,,,
202605040209,10月4日(日),tvk賞,芝,1400,,,サーナーティオン,牡,5,58.0,戸崎圭太,栗東藤岡健一,,10.0,5,,,,,
202605040209,10月4日(日),tvk賞,芝,1400,,,スペルーチェ,牡,3,56.0,Ｃ．ルメール,美浦宮田敬介,,3.3,1,,,,,
202605040209,10月4日(日),tvk賞,芝,1400,,,セルズパワー,牡,4,58.0,岩田康誠,栗東牧田和弥,,28.4,8,,,,,
202605040209,10月4日(日),tvk賞,芝,1400,,,ハクサンイーグル,牡,5,58.0,佐々木大輔,栗東高橋一哉,,50.9,10,,,,,
202605040209,10月4日(日),tvk賞,芝,1400,,,ハルオーブ,牡,6,58.0,石神深道,美浦武井亮,,170.7,15,,,,,
202605040209,10月4日(日),tvk賞,芝,1400,,,フェルミアーク,牝,3,54.0,坂井瑠星,美浦森一誠,,4.8,3,,,,,
202605040209,10月4日(日),tvk賞,芝,1400,,,メイケイバートン,牡,7,58.0,三浦皇成,栗東中竹和也,,55.4,11,,,,,
202605040209,10月4日(日),tvk賞,芝,1400,,,ラパンチュール,牝,4,56.0,丹内祐次,美浦蛯名正義,,11.9,6,,,,,
202605040209,10月4日(日),tvk賞,芝,1400,,,ララバニュルス,牡,4,58.0,藤懸貴志,美浦大竹正博,,13.7,7,,,,,
202605040209,10月4日(日),tvk賞,芝,1400,,,ルージュブリッツ,牝,3,54.0,荻野極,美浦古賀慎明,,65.9,13,,,,,
202605040209,10月4日(日),tvk賞,芝,1400,,,レイユール,牝,4,56.0,長浜鴻緒,美浦手塚貴久,,36.4,9,,,,,
202605040210,10月4日(日),赤富士ステークス,ダ,1600,,,アラレタバシル,牡,5,58.0,丸山元気,美浦松尾卓哉,,8.1,2,,,,,
202605040210,10月4日(日),赤富士ステークス,ダ,1600,,,エイブラムス,牡,5,58.0,木幡巧也,美浦鈴木慎太郎,,84.2,15,,,,,
202605040210,10月4日(日),赤富士ステークス,ダ,1600,,,オンザムービー,牡,3,56.0,横山典弘,栗東牧田和弥,,2.1,1,,,,,
202605040210,10月4日(日),赤富士ステークス,ダ,1600,,,クールブロン,牡,6,58.0,三浦皇成,栗東井上智史,,35.7,11,,,,,
202605040210,10月4日(日),赤富士ステークス,ダ,1600,,,サトミノエンジェル,牡,4,58.0,横山武史,美浦鈴木伸尋,,14.8,7,,,,,
202605040210,10月4日(日),赤富士ステークス,ダ,1600,,,ジョディーズマロン,牡,8,58.0,戸崎圭太,栗東北出成人,,36.5,12,,,,,
202605040210,10月4日(日),赤富士ステークス,ダ,1600,,,スニーカースキル,牝,4,56.0,荻野極,栗東杉山晴紀,,21.8,9,,,,,
202605040210,10月4日(日),赤富士ステークス,ダ,1600,,,ターコイズフリンジ,セ,5,58.0,坂井瑠星,美浦田中博康,,11.7,5,,,,,
202605040210,10月4日(日),赤富士ステークス,ダ,1600,,,チギリ,牝,4,56.0,Ｍ．ミシェル,美浦鹿戸雄一,,34.0,10,,,,,
202605040210,10月4日(日),赤富士ステークス,ダ,1600,,,チュウワチーフ,牡,4,58.0,西村淳也,栗東小崎憲,,13.3,6,,,,,
202605040210,10月4日(日),赤富士ステークス,ダ,1600,,,トウカイポワール,牝,5,56.0,佐々木大輔,栗東北出成人,,77.2,13,,,,,
202605040210,10月4日(日),赤富士ステークス,ダ,1600,,,トクシーカイザー,牡,6,58.0,菊沢一樹,美浦小島茂之,,19.8,8,,,,,
202605040210,10月4日(日),赤富士ステークス,ダ,1600,,,ブレトワルダ,セ,4,58.0,津村明秀,美浦新開幸一,,11.2,4,,,,,
202605040210,10月4日(日),赤富士ステークス,ダ,1600,,,ブロッケンボウ,牡,5,58.0,木幡育也,美浦松永康利,,211.0,16,,,,,
202605040210,10月4日(日),赤富士ステークス,ダ,1600,,,リネアグローリア,牡,5,58.0,松若風馬,栗東小崎憲,,79.1,14,,,,,
202605040210,10月4日(日),赤富士ステークス,ダ,1600,,,ルグランヴァン,牡,4,58.0,原優介,美浦高木登,,9.0,3,,,,,
202605040211,10月4日(日),毎日王冠,芝,1800,,,アドマイヤクワッズ,牡,3,55.0,坂井瑠星,栗東友道康夫,,8.1,4,,,,,
202605040211,10月4日(日),毎日王冠,芝,1800,,,エルトンバローズ,牡,6,57.0,松若風馬,栗東杉山晴紀,,29.3,10,,,,,
202605040211,10月4日(日),毎日王冠,芝,1800,,,クルゼイロドスル,牡,6,57.0,荻野極,栗東高橋義忠,,120.1,15,,,,,
202605040211,10月4日(日),毎日王冠,芝,1800,,,サトノシャイニング,牡,4,57.0,西村淳也,栗東杉山晴紀,,5.0,3,,,,,
202605040211,10月4日(日),毎日王冠,芝,1800,,,シャンパンカラー,牡,6,58.0,内田博幸,美浦田中剛,,117.6,14,,,,,
202605040211,10月4日(日),毎日王冠,芝,1800,,,セイウンハーデス,牡,7,57.0,幸英明,栗東橋口慎介,,13.7,6,,,,,
202605040211,10月4日(日),毎日王冠,芝,1800,,,ダノンエアズロック,牡,5,57.0,田辺裕信,美浦堀宣行,,19.2,8,,,,,
202605040211,10月4日(日),毎日王冠,芝,1800,,,ドラゴンブースト,牡,4,57.0,丹内祐次,栗東藤野健太,,18.7,7,,,,,
202605040211,10月4日(日),毎日王冠,芝,1800,,,ビーアストニッシド,牡,7,57.0,原優介,美浦堀内岳志,,999.9,17,,,,,
202605040211,10月4日(日),毎日王冠,芝,1800,,,ホウオウビスケッツ,牡,6,57.0,岩田康誠,美浦奥村武,,44.4,13,,,,,
202605040211,10月4日(日),毎日王冠,芝,1800,,,ライヒスアドラー,牡,3,55.0,佐々木大輔,美浦上原佑紀,,4.9,2,,,,,
202605040211,10月4日(日),毎日王冠,芝,1800,,,ランスオブカオス,牡,4,57.0,横山武史,栗東奥村豊,,35.7,12,,,,,
202605040211,10月4日(日),毎日王冠,芝,1800,,,リアライズシリウス,牡,3,55.0,津村明秀,美浦手塚貴久,,3.5,1,,,,,
202605040211,10月4日(日),毎日王冠,芝,1800,,,レイニング,牡,4,57.0,Ｃ．ルメール,美浦森一誠,,12.9,5,,,,,
202605040211,10月4日(日),毎日王冠,芝,1800,,,レガーロデルシエロ,牡,5,57.0,戸崎圭太,美浦栗田徹,,33.8,11,,,,,
202605040211,10月4日(日),毎日王冠,芝,1800,,,レディネス,牡,4,57.0,横山典弘,栗東昆貢,,23.6,9,,,,,
202605040211,10月4日(日),毎日王冠,芝,1800,,,ロングラン,セ,8,57.0,菊沢一樹,美浦和田勇介,,232.3,16,,,,,
202605040212,10月4日(日),3歳以上2勝クラス,ダ,1600,,,カゼノタカトシ,牡,4,58.0,戸崎圭太,美浦久保田貴士,,23.6,9,,,,,
202605040212,10月4日(日),3歳以上2勝クラス,ダ,1600,,,カロローザ,牝,4,56.0,幸英明,栗東松永幹夫,,53.9,11,,,,,
202605040212,10月4日(日),3歳以上2勝クラス,ダ,1600,,,グレイスザクラウン,セ,4,58.0,木幡巧也,美浦上原博之,,109.9,14,,,,,
202605040212,10月4日(日),3歳以上2勝クラス,ダ,1600,,,サンカルミア,牡,5,58.0,坂井瑠星,美浦伊坂重信,,17.8,6,,,,,
202605040212,10月4日(日),3歳以上2勝クラス,ダ,1600,,,ザーフィル,牡,3,56.0,Ｃ．ルメール,美浦林徹,,1.6,1,,,,,
202605040212,10月4日(日),3歳以上2勝クラス,ダ,1600,,,ジオパーククラウン,牡,6,57.0,☆長浜鴻緒,美浦清水英克,,733.6,16,,,,,
202605040212,10月4日(日),3歳以上2勝クラス,ダ,1600,,,タマモカンパネラ,牝,4,53.0,▲佐藤翔馬,美浦伊藤圭三,,61.0,13,,,,,
202605040212,10月4日(日),3歳以上2勝クラス,ダ,1600,,,ナイトスラッガー,牡,5,58.0,田辺裕信,美浦小手川準,,16.8,4,,,,,
202605040212,10月4日(日),3歳以上2勝クラス,ダ,1600,,,ノアヴィヴァーチェ,牡,4,58.0,菅原隆一,美浦鈴木慎太郎,,20.1,8,,,,,
202605040212,10月4日(日),3歳以上2勝クラス,ダ,1600,,,パイシャオピン,牝,4,56.0,横山武史,美浦鈴木伸尋,,15.0,3,,,,,
202605040212,10月4日(日),3歳以上2勝クラス,ダ,1600,,,ファイアマン,牡,3,56.0,原優介,美浦上原博之,,8.5,2,,,,,
202605040212,10月4日(日),3歳以上2勝クラス,ダ,1600,,,ミクストベリーズ,牡,4,58.0,菊沢一樹,美浦伊藤圭三,,153.4,15,,,,,
202605040212,10月4日(日),3歳以上2勝クラス,ダ,1600,,,ライジンマル,セ,5,58.0,木幡初也,美浦竹内正洋,,60.5,12,,,,,
202605040212,10月4日(日),3歳以上2勝クラス,ダ,1600,,,ライフゲート,セ,4,58.0,丹内祐次,美浦伊藤圭三,,24.1,10,,,,,
202605040212,10月4日(日),3歳以上2勝クラス,ダ,1600,,,レッドベルダンス,牡,4,58.0,嶋田純次,美浦手塚貴久,,18.5,7,,,,,
202605040212,10月4日(日),3歳以上2勝クラス,ダ,1600,,,ロケットパンチ,セ,3,56.0,武藤雅,美浦武藤善則,,17.2,5,,,,,
202608040101,10月3日(土),2歳未勝利,ダ,1400,,,アイボリータワー,牝,2,55.0,松若風馬,栗東安田翔伍,,16.1,7,,,,,
202608040101,10月3日(土),2歳未勝利,ダ,1400,,,コトテーラー,牝,2,54.0,☆田山旺佑,栗東緒方努,,11.4,6,,,,,
202608040101,10月3日(土),2歳未勝利,ダ,1400,,,ゴールデンレシオ,牡,2,54.0,△柴田裕一郎,栗東小椋研介,,10.9,5,,,,,
202608040101,10月3日(土),2歳未勝利,ダ,1400,,,ジャスコヒラリアス,牡,2,56.0,斎藤新,栗東高橋康之,,19.7,8,,,,,
202608040101,10月3日(土),2歳未勝利,ダ,1400,,,ジョルティーニ,牝,2,55.0,松山弘平,栗東田中克典,,2.6,1,,,,,
202608040101,10月3日(土),2歳未勝利,ダ,1400,,,スナークモネ,牡,2,56.0,酒井学,栗東宮地貴稔,,28.8,9,,,,,
202608040101,10月3日(土),2歳未勝利,ダ,1400,,,ダイユウエゾフジ,牡,2,53.0,▲森田誠也,栗東荒川義之,,70.9,13,,,,,
202608040101,10月3日(土),2歳未勝利,ダ,1400,,,ダノンアズール,牡,2,56.0,西村淳也,栗東茶木太樹,,10.5,4,,,,,
202608040101,10月3日(土),2歳未勝利,ダ,1400,,,テーオーライガ,牡,2,52.0,★河原田菜々,栗東浜田多実雄,,113.1,16,,,,,
202608040101,10月3日(土),2歳未勝利,ダ,1400,,,ニドヅケキンシ,牡,2,56.0,小崎綾也,栗東佐藤悠太,,100.9,15,,,,,
202608040101,10月3日(土),2歳未勝利,ダ,1400,,,ヒルノアラゴン,牡,2,56.0,秋山稔樹,栗東北出成人,,73.1,14,,,,,
202608040101,10月3日(土),2歳未勝利,ダ,1400,,,プッシュバーン,牡,2,56.0,長岡禎仁,栗東羽月友彦,,28.8,10,,,,,
202608040101,10月3日(土),2歳未勝利,ダ,1400,,,ペアスターロード,牡,2,56.0,坂井瑠星,栗東前川恭子,,4.6,2,,,,,
202608040101,10月3日(土),2歳未勝利,ダ,1400,,,ペプチドニンバス,牡,2,53.0,▲和田陽希,栗東武英智,,39.0,11,,,,,
202608040101,10月3日(土),2歳未勝利,ダ,1400,,,レゾルートハート,牡,2,56.0,吉村誠之助,栗東畑端省吾,,54.7,12,,,,,
202608040101,10月3日(土),2歳未勝利,ダ,1400,,,レッドレヴェリー,牡,2,56.0,富田暁,栗東武幸四郎,,9.5,3,,,,,
202608040102,10月3日(土),2歳未勝利,芝,1800,,,イッペイ,牡,2,56.0,浜中俊,栗東松永幹夫,,5.1,3,,,,,
202608040102,10月3日(土),2歳未勝利,芝,1800,,,ウィクフォード,牡,2,56.0,西村淳也,栗東高野友和,,4.2,2,,,,,
202608040102,10月3日(土),2歳未勝利,芝,1800,,,コルサロ,牡,2,56.0,斎藤新,栗東中竹和也,,14.0,5,,,,,
202608040102,10月3日(土),2歳未勝利,芝,1800,,,メイショウジェード,牡,2,56.0,太宰啓介,栗東本田優,,5.2,4,,,,,
202608040102,10月3日(土),2歳未勝利,芝,1800,,,メイプルルビー,牝,2,55.0,吉村誠之助,栗東清水久詞,,26.2,7,,,,,
202608040102,10月3日(土),2歳未勝利,芝,1800,,,リーベラーリア,牝,2,55.0,荻野極,栗東高橋義忠,,18.3,6,,,,,
202608040102,10月3日(土),2歳未勝利,芝,1800,,,ルーメンルーナエ,牡,2,56.0,川田将雅,栗東中内田充正,,2.6,1,,,,,
202608040102,10月3日(土),2歳未勝利,芝,1800,,,レイデアルマス,牡,2,56.0,北村友一,栗東杉山佳明,,33.2,9,,,,,
202608040102,10月3日(土),2歳未勝利,芝,1800,,,レイディアントサン,牡,2,56.0,幸英明,栗東安達昭夫,,31.1,8,,,,,
202608040102,10月3日(土),2歳未勝利,芝,1800,,,ワッザイカ,牡,2,56.0,松若風馬,栗東松永幹夫,,197.9,10,,,,,
202608040103,10月3日(土),3歳以上1勝クラス,ダ,1400,,,インピッシュ,牝,4,56.0,藤懸貴志,栗東中尾秀正,,77.7,11,,,,,
202608040103,10月3日(土),3歳以上1勝クラス,ダ,1400,,,イーブンベター,牝,4,56.0,国分恭介,栗東牧浦充徳,,62.9,10,,,,,
202608040103,10月3日(土),3歳以上1勝クラス,ダ,1400,,,ヴァカンツァ,牝,4,56.0,角田大和,栗東高橋亮,,48.7,9,,,,,
202608040103,10月3日(土),3歳以上1勝クラス,ダ,1400,,,オンザマーチ,牝,3,54.0,小沢大仁,栗東今野貞一,,43.0,8,,,,,
202608040103,10月3日(土),3歳以上1勝クラス,ダ,1400,,,キンダープンシュ,牝,3,54.0,Ｍ．デムーロ,栗東大久保龍志,,18.8,5,,,,,
202608040103,10月3日(土),3歳以上1勝クラス,ダ,1400,,,ショウナンラウール,牝,5,54.0,◇永島まなみ,栗東高橋義忠,,41.8,6,,,,,
202608040103,10月3日(土),3歳以上1勝クラス,ダ,1400,,,スターフュージョン,牝,3,54.0,鮫島克駿,栗東杉山佳明,,2.9,2,,,,,
202608040103,10月3日(土),3歳以上1勝クラス,ダ,1400,,,ダンシングドール,牝,3,54.0,松若風馬,栗東牧田和弥,,5.9,3,,,,,
202608040103,10月3日(土),3歳以上1勝クラス,ダ,1400,,,チリーゴールド,牝,4,56.0,菱田裕二,栗東飯田祐史,,82.7,13,,,,,
202608040103,10月3日(土),3歳以上1勝クラス,ダ,1400,,,テーオーアンジェラ,牝,3,52.0,△柴田裕一郎,栗東梅田智之,,115.5,15,,,,,
202608040103,10月3日(土),3歳以上1勝クラス,ダ,1400,,,トゥインクルピカ,牝,3,53.0,☆田山旺佑,栗東四位洋文,,42.4,7,,,,,
202608040103,10月3日(土),3歳以上1勝クラス,ダ,1400,,,ヒルノプーリア,牝,3,54.0,秋山稔樹,栗東北出成人,,2.6,1,,,,,
202608040103,10月3日(土),3歳以上1勝クラス,ダ,1400,,,メイショウホダワラ,牝,4,56.0,吉田隼人,栗東荒川義之,,87.8,14,,,,,
202608040103,10月3日(土),3歳以上1勝クラス,ダ,1400,,,リンゲルブルーメ,牝,4,53.0,▲和田陽希,栗東佐藤悠太,,79.9,12,,,,,
202608040103,10月3日(土),3歳以上1勝クラス,ダ,1400,,,ルルフィーユ,牝,5,53.0,▲森田誠也,栗東谷潔,,496.6,16,,,,,
202608040103,10月3日(土),3歳以上1勝クラス,ダ,1400,,,ワイズギャング,牝,3,54.0,古川吉洋,栗東河嶋宏樹,,7.8,4,,,,,
202608040104,10月3日(土),2歳新馬,ダ,1800,,,アルピグレン,牡,2,56.0,田口貫太,栗東吉岡辰弥,,13.9,9,,,,,
202608040104,10月3日(土),2歳新馬,ダ,1800,,,ガジュノリプリンス,牡,2,56.0,坂井瑠星,美浦尾形和幸,,9.1,6,,,,,
202608040104,10月3日(土),2歳新馬,ダ,1800,,,サンライズビッグ,牡,2,56.0,Ｍ．デムーロ,栗東安田翔伍,,9.0,5,,,,,
202608040104,10月3日(土),2歳新馬,ダ,1800,,,タガノクレーキング,牡,2,56.0,古川吉洋,栗東宮徹,,15.5,11,,,,,
202608040104,10月3日(土),2歳新馬,ダ,1800,,,タンバゲッコー,牡,2,56.0,藤懸貴志,栗東梅田智之,,14.7,10,,,,,
202608040104,10月3日(土),2歳新馬,ダ,1800,,,デラスゴイガン,牡,2,56.0,松山弘平,栗東橋口慎介,,7.5,3,,,,,
202608040104,10月3日(土),2歳新馬,ダ,1800,,,トラモンターナ,牡,2,56.0,斎藤新,美浦斎藤誠,,13.2,8,,,,,
202608040104,10月3日(土),2歳新馬,ダ,1800,,,ハイファイネスト,牡,2,56.0,鮫島克駿,栗東矢作芳人,,12.3,7,,,,,
202608040104,10月3日(土),2歳新馬,ダ,1800,,,バルチックアンバー,牡,2,56.0,西村淳也,栗東奥村豊,,7.5,4,,,,,
202608040104,10月3日(土),2歳新馬,ダ,1800,,,ビヨンドザスカイ,牡,2,56.0,小崎綾也,栗東福永祐一,,21.9,12,,,,,
202608040104,10月3日(土),2歳新馬,ダ,1800,,,ベラジオアゲーラ,牡,2,56.0,北村友一,栗東上村洋行,,7.4,2,,,,,
202608040104,10月3日(土),2歳新馬,ダ,1800,,,モンサンブラヴール,牡,2,54.0,△柴田裕一郎,栗東中竹和也,,27.0,14,,,,,
202608040104,10月3日(土),2歳新馬,ダ,1800,,,ユウキサン,牝,2,55.0,荻野琢真,栗東大久保龍志,,26.3,13,,,,,
202608040104,10月3日(土),2歳新馬,ダ,1800,,,ロイヤルガミーヌ,牝,2,55.0,浜中俊,栗東四位洋文,,6.9,1,,,,,
202608040105,10月3日(土),2歳新馬,芝,1600,,,ウィリーウィリー,牡,2,56.0,中井裕二,栗東森田直行,,31.5,14,,,,,
202608040105,10月3日(土),2歳新馬,芝,1600,,,ガランテリア,牡,2,56.0,浜中俊,栗東西村真幸,,8.2,2,,,,,
202608040105,10月3日(土),2歳新馬,芝,1600,,,コスモクレアシオン,牝,2,55.0,鮫島克駿,栗東宮徹,,8.3,3,,,,,
202608040105,10月3日(土),2歳新馬,芝,1600,,,コスモフィデリタス,牡,2,56.0,小崎綾也,美浦青木孝文,,43.0,16,,,,,
202608040105,10月3日(土),2歳新馬,芝,1600,,,サンデーアダチ,牡,2,56.0,西村淳也,栗東辻野泰之,,11.7,6,,,,,
202608040105,10月3日(土),2歳新馬,芝,1600,,,サンマルボニータ,牡,2,56.0,酒井学,栗東大橋勇樹,,19.4,8,,,,,
202608040105,10月3日(土),2歳新馬,芝,1600,,,ディープリメンバー,牡,2,56.0,古川吉洋,栗東四位洋文,,12.5,7,,,,,
202608040105,10月3日(土),2歳新馬,芝,1600,,,トロフィーズ,牝,2,55.0,Ｍ．デムーロ,栗東杉山晴紀,,9.5,4,,,,,
202608040105,10月3日(土),2歳新馬,芝,1600,,,ナリタトップライト,牡,2,56.0,幸英明,栗東宮本博,,22.1,11,,,,,
202608040105,10月3日(土),2歳新馬,芝,1600,,,パンプルネル,牡,2,56.0,川田将雅,栗東斉藤崇史,,3.5,1,,,,,
202608040105,10月3日(土),2歳新馬,芝,1600,,,ポネンテ,牝,2,54.0,☆田山旺佑,栗東高橋亮,,21.3,9,,,,,
202608040105,10月3日(土),2歳新馬,芝,1600,,,マジュリス,牝,2,53.0,△柴田裕一郎,栗東吉田直弘,,21.9,10,,,,,
202608040105,10月3日(土),2歳新馬,芝,1600,,,マルカクラック,牝,2,55.0,松若風馬,栗東浜田多実雄,,26.1,13,,,,,
202608040105,10月3日(土),2歳新馬,芝,1600,,,メイショウソレイユ,牡,2,56.0,田口貫太,栗東大橋勇樹,,32.3,15,,,,,
202608040105,10月3日(土),2歳新馬,芝,1600,,,リバティユニバンス,牡,2,56.0,斎藤新,栗東小林真也,,22.7,12,,,,,
202608040105,10月3日(土),2歳新馬,芝,1600,,,レッドシーカー,セ,2,56.0,松山弘平,栗東池江泰寿,,11.0,5,,,,,
202608040106,10月3日(土),3歳以上1勝クラス,芝,2000,,,アスクメークシェア,牡,6,55.0,▲森田誠也,栗東前川恭子,,370.8,17,,,,,
202608040106,10月3日(土),3歳以上1勝クラス,芝,2000,,,ガウディ,牡,3,56.0,松山弘平,栗東上村洋行,,7.6,2,,,,,
202608040106,10月3日(土),3歳以上1勝クラス,芝,2000,,,カットソロ,牡,3,56.0,坂井瑠星,栗東矢作芳人,,7.8,5,,,,,
202608040106,10月3日(土),3歳以上1勝クラス,芝,2000,,,キッコベッロ,牡,3,56.0,荻野極,栗東友道康夫,,7.7,3,,,,,
202608040106,10月3日(土),3歳以上1勝クラス,芝,2000,,,クラウディアイ,牡,4,58.0,小沢大仁,栗東橋口慎介,,36.0,14,,,,,
202608040106,10月3日(土),3歳以上1勝クラス,芝,2000,,,コレデヨカロウ,牡,3,54.0,△柴田裕一郎,栗東角田晃一,,70.2,15,,,,,
202608040106,10月3日(土),3歳以上1勝クラス,芝,2000,,,ゴーゴーリチャード,牡,3,56.0,浜中俊,栗東庄野靖志,,99.8,16,,,,,
202608040106,10月3日(土),3歳以上1勝クラス,芝,2000,,,サンダーバード,牝,3,52.0,◇今村聖奈,栗東武幸四郎,,13.8,8,,,,,
202608040106,10月3日(土),3歳以上1勝クラス,芝,2000,,,ダンツウルス,牡,3,56.0,田口貫太,栗東谷潔,,8.8,7,,,,,
202608040106,10月3日(土),3歳以上1勝クラス,芝,2000,,,ノンブルドール,牡,3,56.0,西村淳也,栗東西園翔太,,7.0,1,,,,,
202608040106,10月3日(土),3歳以上1勝クラス,芝,2000,,,パラディオン,牡,3,56.0,松若風馬,栗東高柳大輔,,15.1,9,,,,,
202608040106,10月3日(土),3歳以上1勝クラス,芝,2000,,,ページターナー,牡,3,56.0,吉村誠之助,栗東中内田充正,,24.9,12,,,,,
202608040106,10月3日(土),3歳以上1勝クラス,芝,2000,,,ムスクレスト,牡,3,56.0,鮫島克駿,栗東安田翔伍,,24.8,11,,,,,
202608040106,10月3日(土),3歳以上1勝クラス,芝,2000,,,メイショウショカツ,牡,3,56.0,幸英明,栗東石橋守,,8.2,6,,,,,
202608040106,10月3日(土),3歳以上1勝クラス,芝,2000,,,リガーレ,牡,4,58.0,北村友一,栗東池江泰寿,,21.7,10,,,,,
202608040106,10月3日(土),3歳以上1勝クラス,芝,2000,,,ロットブラータ,牡,4,58.0,Ｍ．デムーロ,栗東平田修,,28.7,13,,,,,
202608040106,10月3日(土),3歳以上1勝クラス,芝,2000,,,ロングトールサリー,牝,3,54.0,川田将雅,栗東福永祐一,,7.8,4,,,,,
202608040107,10月3日(土),3歳以上1勝クラス,ダ,1400,,,オーライカモン,牡,3,56.0,亀田温心,栗東田中克典,,14.3,7,,,,,
202608040107,10月3日(土),3歳以上1勝クラス,ダ,1400,,,クリコファルコン,牡,3,53.0,▲森田誠也,栗東谷潔,,36.4,11,,,,,
202608040107,10月3日(土),3歳以上1勝クラス,ダ,1400,,,ゴディアンフィンチ,牡,3,56.0,斎藤新,栗東安田翔伍,,13.0,5,,,,,
202608040107,10月3日(土),3歳以上1勝クラス,ダ,1400,,,サンライズタイソン,牡,6,58.0,荻野琢真,栗東平田修,,312.9,16,,,,,
202608040107,10月3日(土),3歳以上1勝クラス,ダ,1400,,,ジーティーシップ,牡,3,56.0,国分恭介,栗東緒方努,,47.7,12,,,,,
202608040107,10月3日(土),3歳以上1勝クラス,ダ,1400,,,スズノソレイユ,牡,4,58.0,藤懸貴志,栗東平田修,,140.8,15,,,,,
202608040107,10月3日(土),3歳以上1勝クラス,ダ,1400,,,セヴェンヌ,牝,3,54.0,浜中俊,栗東藤野健太,,9.5,4,,,,,
202608040107,10月3日(土),3歳以上1勝クラス,ダ,1400,,,ダノンクロム,牡,6,58.0,西村淳也,栗東東田明士,,17.1,8,,,,,
202608040107,10月3日(土),3歳以上1勝クラス,ダ,1400,,,テーオーノーベル,牡,4,58.0,菱田裕二,栗東岡田稲男,,52.2,13,,,,,
202608040107,10月3日(土),3歳以上1勝クラス,ダ,1400,,,パンサーズ,牡,3,56.0,松若風馬,栗東今野貞一,,14.0,6,,,,,
202608040107,10月3日(土),3歳以上1勝クラス,ダ,1400,,,フレイムスター,牡,3,56.0,吉村誠之助,栗東清水久詞,,6.9,3,,,,,
202608040107,10月3日(土),3歳以上1勝クラス,ダ,1400,,,ブロンテス,牡,3,56.0,幸英明,栗東大根田裕之,,4.7,2,,,,,
202608040107,10月3日(土),3歳以上1勝クラス,ダ,1400,,,ペプチドレオン,牡,3,56.0,坂井瑠星,栗東武英智,,2.8,1,,,,,
202608040107,10月3日(土),3歳以上1勝クラス,ダ,1400,,,マテンロウミラクル,牡,5,58.0,富田暁,栗東柴田卓,,35.1,10,,,,,
202608040107,10月3日(土),3歳以上1勝クラス,ダ,1400,,,メイショウハッブル,牡,5,54.0,★河原田菜々,栗東石橋守,,101.4,14,,,,,
202608040107,10月3日(土),3歳以上1勝クラス,ダ,1400,,,リーグナイト,牡,3,55.0,☆田山旺佑,栗東新谷功一,,26.1,9,,,,,
202608040108,10月3日(土),3歳以上2勝クラス,芝,2000,,,アクロフェイズ,牡,3,56.0,西村淳也,栗東奥村豊,,2.9,1,,,,,
202608040108,10月3日(土),3歳以上2勝クラス,芝,2000,,,イベントホライゾン,牡,3,56.0,松山弘平,栗東池江泰寿,,4.7,4,,,,,
202608040108,10月3日(土),3歳以上2勝クラス,芝,2000,,,エコテーラー,牝,5,56.0,藤懸貴志,栗東石橋守,,61.0,8,,,,,
202608040108,10月3日(土),3歳以上2勝クラス,芝,2000,,,オモイヲノセテ,牝,3,54.0,幸英明,栗東高橋義忠,,28.3,5,,,,,
202608040108,10月3日(土),3歳以上2勝クラス,芝,2000,,,キタノファーンヒル,牝,3,54.0,富田暁,栗東加藤公太,,103.9,9,,,,,
202608040108,10月3日(土),3歳以上2勝クラス,芝,2000,,,サトノアイボリー,牡,3,56.0,川田将雅,栗東杉山晴紀,,3.2,2,,,,,
202608040108,10月3日(土),3歳以上2勝クラス,芝,2000,,,サミダレナイツ,牡,4,58.0,酒井学,栗東谷潔,,28.5,6,,,,,
202608040108,10月3日(土),3歳以上2勝クラス,芝,2000,,,ブレットパス,牡,3,56.0,荻野極,栗東中内田充正,,4.0,3,,,,,
202608040108,10月3日(土),3歳以上2勝クラス,芝,2000,,,ミカエルパシャ,牡,5,58.0,北村友一,栗東橋口慎介,,32.8,7,,,,,
202608040108,10月3日(土),3歳以上2勝クラス,芝,2000,,,ヨシヒロ,牡,4,58.0,小崎綾也,美浦松永康利,,582.8,11,,,,,
202608040108,10月3日(土),3歳以上2勝クラス,芝,2000,,,ロゼル,牡,6,57.0,☆田山旺佑,美浦大和田成,,333.9,10,,,,,
202608040109,10月3日(土),りんどう賞,芝,1400,,,ヴィヴェローネ,牝,2,55.0,松山弘平,栗東高野友和,,2.4,1,,,,,
202608040109,10月3日(土),りんどう賞,芝,1400,,,エストレアボニータ,牝,2,55.0,今村聖奈,美浦武井亮,,18.4,6,,,,,
202608040109,10月3日(土),りんどう賞,芝,1400,,,ギャルズマインド,牝,2,55.0,浜中俊,栗東武幸四郎,,6.1,4,,,,,
202608040109,10月3日(土),りんどう賞,芝,1400,,,ショウナンカノア,牝,2,55.0,吉村誠之助,栗東清水久詞,,14.1,5,,,,,
202608040109,10月3日(土),りんどう賞,芝,1400,,,セイウンリリーナ,牝,2,55.0,幸英明,美浦水野貴広,,24.4,8,,,,,
202608040109,10月3日(土),りんどう賞,芝,1400,,,ベニバナ,牝,2,55.0,田山旺佑,栗東渡辺薫彦,,6.0,3,,,,,
202608040109,10月3日(土),りんどう賞,芝,1400,,,ラムラベイ,牝,2,55.0,松若風馬,栗東東田明士,,3.5,2,,,,,
202608040109,10月3日(土),りんどう賞,芝,1400,,,ルジュエ,牝,2,55.0,田野豊三,地方渡瀬寛彰,,20.5,7,,,,,
202608040110,10月3日(土),大山崎ステークス,ダ,1200,,,アメリカンチケット,セ,5,58.0,小崎綾也,栗東藤原英昭,,13.4,6,,,,,
202608040110,10月3日(土),大山崎ステークス,ダ,1200,,,イマージョン,牡,4,58.0,西村淳也,栗東高野友和,,37.9,10,,,,,
202608040110,10月3日(土),大山崎ステークス,ダ,1200,,,ウルスクローム,牡,4,58.0,田口貫太,栗東大橋勇樹,,5.6,3,,,,,
202608040110,10月3日(土),大山崎ステークス,ダ,1200,,,カミーロ,牡,6,58.0,角田大和,栗東石橋守,,52.9,12,,,,,
202608040110,10月3日(土),大山崎ステークス,ダ,1200,,,ギーロカスタル,牡,6,58.0,太宰啓介,美浦伊藤大士,,140.1,16,,,,,
202608040110,10月3日(土),大山崎ステークス,ダ,1200,,,ジャーヴィス,牡,6,58.0,藤懸貴志,栗東千田輝彦,,63.6,13,,,,,
202608040110,10月3日(土),大山崎ステークス,ダ,1200,,,スペシャルナンバー,牡,7,58.0,鮫島克駿,栗東西村真幸,,74.3,14,,,,,
202608040110,10月3日(土),大山崎ステークス,ダ,1200,,,ディニトーソ,牡,4,58.0,長岡禎仁,栗東辻野泰之,,107.3,15,,,,,
202608040110,10月3日(土),大山崎ステークス,ダ,1200,,,テーオーグレーザー,牡,3,57.0,松山弘平,栗東藤岡健一,,3.9,2,,,,,
202608040110,10月3日(土),大山崎ステークス,ダ,1200,,,トーアジョウトウ,セ,4,58.0,荻野極,美浦村田一誠,,29.4,9,,,,,
202608040110,10月3日(土),大山崎ステークス,ダ,1200,,,ハヤテノツバサ,牡,4,58.0,斎藤新,栗東杉山佳明,,10.2,5,,,,,
202608040110,10月3日(土),大山崎ステークス,ダ,1200,,,ビルカール,牡,6,58.0,北村友一,美浦水野貴広,,41.1,11,,,,,
202608040110,10月3日(土),大山崎ステークス,ダ,1200,,,メイショウヤーキス,牡,5,58.0,菱田裕二,栗東飯田祐史,,18.9,8,,,,,
202608040110,10月3日(土),大山崎ステークス,ダ,1200,,,ヤマニンシュラ,牡,4,58.0,Ｍ．デムーロ,栗東斉藤崇史,,10.1,4,,,,,
202608040110,10月3日(土),大山崎ステークス,ダ,1200,,,ライジン,牡,6,58.0,松若風馬,栗東池添学,,17.7,7,,,,,
202608040110,10月3日(土),大山崎ステークス,ダ,1200,,,ルクスデイジー,牝,4,56.0,川田将雅,栗東高橋亮,,3.5,1,,,,,
202608040111,10月3日(土),オパールステークス,芝,1200,,,オタルエバー,牡,7,56.0,角田大和,栗東中竹和也,,144.9,18,,,,,
202608040111,10月3日(土),オパールステークス,芝,1200,,,カルチャーデイ,牝,5,55.0,酒井学,栗東四位洋文,,29.1,12,,,,,
202608040111,10月3日(土),オパールステークス,芝,1200,,,クラスペディア,牡,4,57.5,小崎綾也,栗東河嶋宏樹,,23.8,10,,,,,
202608040111,10月3日(土),オパールステークス,芝,1200,,,ショウナンアビアス,牡,6,56.0,北村友一,美浦加藤士津八,,44.2,13,,,,,
202608040111,10月3日(土),オパールステークス,芝,1200,,,タガノアラリア,牡,3,55.0,鮫島克駿,栗東西園翔太,,10.9,5,,,,,
202608040111,10月3日(土),オパールステークス,芝,1200,,,タマモイカロス,牡,3,55.0,松山弘平,栗東藤岡健一,,16.3,7,,,,,
202608040111,10月3日(土),オパールステークス,芝,1200,,,タマモブラックタイ,牡,6,57.0,幸英明,栗東角田晃一,,52.6,14,,,,,
202608040111,10月3日(土),オパールステークス,芝,1200,,,ディアナザール,牡,4,56.0,川田将雅,栗東斉藤崇史,,4.0,1,,,,,
202608040111,10月3日(土),オパールステークス,芝,1200,,,デイトナモード,牡,6,54.0,斎藤新,栗東千田輝彦,,143.9,17,,,,,
202608040111,10月3日(土),オパールステークス,芝,1200,,,テーオーダヴィンチ,牡,8,54.0,菱田裕二,栗東岡田稲男,,57.9,16,,,,,
202608040111,10月3日(土),オパールステークス,芝,1200,,,ヒシアイラ,牡,3,55.0,荻野極,栗東池江泰寿,,6.4,3,,,,,
202608040111,10月3日(土),オパールステークス,芝,1200,,,フィオライア,牝,5,55.0,松若風馬,栗東柴田卓,,57.1,15,,,,,
202608040111,10月3日(土),オパールステークス,芝,1200,,,フロムダスク,牡,6,57.5,中井裕二,栗東森秀行,,17.6,8,,,,,
202608040111,10月3日(土),オパールステークス,芝,1200,,,メイショウヨゾラ,牝,5,53.0,吉村誠之助,美浦高柳瑞樹,,26.3,11,,,,,
202608040111,10月3日(土),オパールステークス,芝,1200,,,ヤマニンアルリフラ,牡,5,57.5,Ｍ．デムーロ,栗東斉藤崇史,,15.2,6,,,,,
202608040111,10月3日(土),オパールステークス,芝,1200,,,ヨシノイースター,牡,8,58.0,坂井瑠星,栗東中尾秀正,,20.2,9,,,,,
202608040111,10月3日(土),オパールステークス,芝,1200,,,リリージョワ,牝,3,54.0,浜中俊,栗東武幸四郎,,4.5,2,,,,,
202608040111,10月3日(土),オパールステークス,芝,1200,,,レッドエヴァンス,セ,5,55.0,西村淳也,栗東東田明士,,10.6,4,,,,,
202608040112,10月3日(土),3歳以上2勝クラス,ダ,1800,,,オオツカ,牡,3,56.0,坂井瑠星,栗東大久保龍志,,8.8,3,,,,,
202608040112,10月3日(土),3歳以上2勝クラス,ダ,1800,,,キングオブフジ,牡,5,58.0,中井裕二,栗東角田晃一,,76.8,10,,,,,
202608040112,10月3日(土),3歳以上2勝クラス,ダ,1800,,,サルタール,セ,4,58.0,小崎綾也,栗東小崎憲,,94.3,11,,,,,
202608040112,10月3日(土),3歳以上2勝クラス,ダ,1800,,,システマソラー,牡,3,56.0,川田将雅,栗東橋田宜長,,1.7,1,,,,,
202608040112,10月3日(土),3歳以上2勝クラス,ダ,1800,,,ジョータルマエ,セ,6,58.0,鮫島良太,栗東河嶋宏樹,,15.5,7,,,,,
202608040112,10月3日(土),3歳以上2勝クラス,ダ,1800,,,ショーダンサー,牡,4,58.0,国分優作,栗東大根田裕之,,12.6,6,,,,,
202608040112,10月3日(土),3歳以上2勝クラス,ダ,1800,,,ジーニアスバローズ,セ,6,58.0,松若風馬,栗東辻野泰之,,63.2,9,,,,,
202608040112,10月3日(土),3歳以上2勝クラス,ダ,1800,,,タンテドヴィーヴル,牡,4,58.0,幸英明,栗東斉藤崇史,,8.1,2,,,,,
202608040112,10月3日(土),3歳以上2勝クラス,ダ,1800,,,ヒデノレインボー,牡,7,58.0,藤懸貴志,栗東梅田智之,,288.0,14,,,,,
202608040112,10月3日(土),3歳以上2勝クラス,ダ,1800,,,フクキタテーラー,牝,4,56.0,小沢大仁,栗東緒方努,,103.4,13,,,,,
202608040112,10月3日(土),3歳以上2勝クラス,ダ,1800,,,メイショウコシュウ,牡,3,56.0,浜中俊,栗東松永幹夫,,11.3,4,,,,,
202608040112,10月3日(土),3歳以上2勝クラス,ダ,1800,,,リヒトミューレ,牡,3,56.0,西村淳也,栗東中村直也,,12.3,5,,,,,
202608040112,10月3日(土),3歳以上2勝クラス,ダ,1800,,,レイザリオ,牡,4,58.0,斎藤新,栗東橋口慎介,,101.1,12,,,,,
202608040112,10月3日(土),3歳以上2勝クラス,ダ,1800,,,ワンダーカモン,牡,5,58.0,Ｍ．デムーロ,栗東吉村圭司,,23.1,8,,,,,
202608040201,10月4日(日),2歳未勝利,ダ,1800,,,ジュンヴァグネル,牡,2,56.0,斎藤新,栗東浜田多実雄,,7.6,4,,,,,
202608040201,10月4日(日),2歳未勝利,ダ,1800,,,タガノフリアン,牡,2,56.0,角田大和,栗東角田晃一,,3.7,2,,,,,
202608040201,10月4日(日),2歳未勝利,ダ,1800,,,プリメラエストレラ,牡,2,56.0,北村友一,栗東橋田宜長,,7.9,5,,,,,
202608040201,10月4日(日),2歳未勝利,ダ,1800,,,ベンゲル,牡,2,56.0,池添謙一,栗東飯田祐史,,20.5,7,,,,,
202608040201,10月4日(日),2歳未勝利,ダ,1800,,,ボードゥロレーヌ,牡,2,56.0,吉村誠之助,栗東新谷功一,,32.7,8,,,,,
202608040201,10月4日(日),2歳未勝利,ダ,1800,,,マーズエクレール,牡,2,56.0,鮫島克駿,栗東佐藤悠太,,4.0,3,,,,,
202608040201,10月4日(日),2歳未勝利,ダ,1800,,,マーノマエストロ,牡,2,55.0,☆田山旺佑,栗東寺島良,,3.2,1,,,,,
202608040201,10月4日(日),2歳未勝利,ダ,1800,,,ロードフェルム,牡,2,56.0,横山和生,栗東長谷川浩大,,12.0,6,,,,,
202608040202,10月4日(日),2歳未勝利,芝,1600,,,アイルエクラ,牡,2,55.0,☆田山旺佑,栗東新谷功一,,170.7,9,,,,,
202608040202,10月4日(日),2歳未勝利,芝,1600,,,キシゲヒーロー,牡,2,56.0,角田大和,栗東中尾秀正,,12.4,4,,,,,
202608040202,10月4日(日),2歳未勝利,芝,1600,,,ジャンゴッド,牡,2,56.0,川田将雅,栗東杉山晴紀,,2.9,2,,,,,
202608040202,10月4日(日),2歳未勝利,芝,1600,,,ジョン,牡,2,56.0,小崎綾也,栗東小崎憲,,66.8,8,,,,,
202608040202,10月4日(日),2歳未勝利,芝,1600,,,テムスピード,牡,2,52.0,★河原田菜々,栗東鈴木孝志,,65.7,7,,,,,
202608040202,10月4日(日),2歳未勝利,芝,1600,,,ブロッサムスピア,牡,2,56.0,Ｍ．デムーロ,栗東藤岡健一,,2.2,1,,,,,
202608040202,10月4日(日),2歳未勝利,芝,1600,,,ラッキーハナコ,牝,2,55.0,鮫島克駿,栗東浜田多実雄,,23.5,5,,,,,
202608040202,10月4日(日),2歳未勝利,芝,1600,,,レイクイーン,牝,2,55.0,松山弘平,栗東中村直也,,3.7,3,,,,,
202608040202,10月4日(日),2歳未勝利,芝,1600,,,レインボースター,牝,2,55.0,吉村誠之助,栗東加藤公太,,52.7,6,,,,,
202608040203,10月4日(日),2歳新馬,ダ,1400,,,アップルペアー,牝,2,52.0,▲和田陽希,栗東大根田裕之,,53.2,16,,,,,
202608040203,10月4日(日),2歳新馬,ダ,1400,,,アマリス,牝,2,55.0,Ｍ．デムーロ,栗東高橋一哉,,9.0,3,,,,,
202608040203,10月4日(日),2歳新馬,ダ,1400,,,インユアスカイ,牡,2,56.0,北村友一,栗東吉岡辰弥,,8.6,2,,,,,
202608040203,10月4日(日),2歳新馬,ダ,1400,,,エリーマイラヴ,牝,2,55.0,鮫島克駿,栗東小崎憲,,7.9,1,,,,,
202608040203,10月4日(日),2歳新馬,ダ,1400,,,オージーブラック,牝,2,55.0,古川吉洋,栗東畑端省吾,,22.0,13,,,,,
202608040203,10月4日(日),2歳新馬,ダ,1400,,,ギニー,牡,2,56.0,国分優作,栗東井上智史,,27.1,15,,,,,
202608040203,10月4日(日),2歳新馬,ダ,1400,,,スリーオブスペイズ,牡,2,55.0,☆田山旺佑,栗東吉田直弘,,10.8,8,,,,,
202608040203,10月4日(日),2歳新馬,ダ,1400,,,ダイヴ,牡,2,56.0,角田大和,栗東羽月友彦,,21.0,12,,,,,
202608040203,10月4日(日),2歳新馬,ダ,1400,,,タガノゲイル,牡,2,56.0,田口貫太,栗東岡田稲男,,9.1,4,,,,,
202608040203,10月4日(日),2歳新馬,ダ,1400,,,フェイマスウルフ,牡,2,56.0,秋山稔樹,栗東高橋義忠,,22.2,14,,,,,
202608040203,10月4日(日),2歳新馬,ダ,1400,,,マカロンボイス,牝,2,55.0,吉村誠之助,栗東清水久詞,,15.9,11,,,,,
202608040203,10月4日(日),2歳新馬,ダ,1400,,,マンノエンプレス,牝,2,55.0,菱田裕二,栗東秋山真一郎,,10.1,6,,,,,
202608040203,10月4日(日),2歳新馬,ダ,1400,,,ミホマル,牡,2,56.0,横山和生,美浦尾形和幸,,10.5,7,,,,,
202608040203,10月4日(日),2歳新馬,ダ,1400,,,ラムネ,牝,2,55.0,松山弘平,栗東柴田卓,,9.4,5,,,,,
202608040203,10月4日(日),2歳新馬,ダ,1400,,,ランスオブナイト,牡,2,56.0,太宰啓介,栗東本田優,,14.2,9,,,,,
202608040203,10月4日(日),2歳新馬,ダ,1400,,,リアルハーン,牡,2,56.0,酒井学,栗東大橋勇樹,,15.1,10,,,,,
202608040204,10月4日(日),2歳新馬,芝,1400,,,アマスペラーレ,牝,2,55.0,酒井学,栗東渡辺薫彦,,38.2,15,,,,,
202608040204,10月4日(日),2歳新馬,芝,1400,,,イグナイトフィール,牝,2,54.0,☆田山旺佑,栗東藤岡健一,,15.7,7,,,,,
202608040204,10月4日(日),2歳新馬,芝,1400,,,サウンドアミューズ,牝,2,51.0,★河原田菜々,栗東加藤公太,,24.4,14,,,,,
202608040204,10月4日(日),2歳新馬,芝,1400,,,ジャヤ,牝,2,55.0,斎藤新,栗東河嶋宏樹,,19.6,10,,,,,
202608040204,10月4日(日),2歳新馬,芝,1400,,,シュネルマリス,牝,2,55.0,古川吉洋,栗東四位洋文,,17.5,9,,,,,
202608040204,10月4日(日),2歳新馬,芝,1400,,,スイートリディア,牝,2,55.0,北村友一,栗東高橋亮,,12.7,6,,,,,
202608040204,10月4日(日),2歳新馬,芝,1400,,,テイケイモエ,牝,2,55.0,田口貫太,栗東大橋勇樹,,40.3,16,,,,,
202608040204,10月4日(日),2歳新馬,芝,1400,,,バードギール,牝,2,55.0,松山弘平,栗東小栗実,,9.9,5,,,,,
202608040204,10月4日(日),2歳新馬,芝,1400,,,ブライトスクリプト,牝,2,55.0,池添謙一,栗東松下武士,,5.0,1,,,,,
202608040204,10月4日(日),2歳新馬,芝,1400,,,ヘヴンインザレイン,牝,2,55.0,川田将雅,栗東橋口慎介,,6.5,2,,,,,
202608040204,10月4日(日),2歳新馬,芝,1400,,,リリックラヴ,牝,2,55.0,浜中俊,栗東武幸四郎,,7.5,3,,,,,
202608040204,10月4日(日),2歳新馬,芝,1400,,,ルシオラ,牝,2,55.0,吉村誠之助,栗東清水久詞,,21.7,11,,,,,
202608040204,10月4日(日),2歳新馬,芝,1400,,,ルージュプリメーロ,牝,2,55.0,吉田隼人,栗東須貝尚介,,7.8,4,,,,,
202608040204,10月4日(日),2歳新馬,芝,1400,,,ルーディン,牝,2,55.0,角田大和,栗東角田晃一,,23.7,13,,,,,
202608040204,10月4日(日),2歳新馬,芝,1400,,,ワンダープレマ,牝,2,55.0,太宰啓介,栗東石橋守,,17.0,8,,,,,
202608040204,10月4日(日),2歳新馬,芝,1400,,,ワンダールカ,牝,2,55.0,川又賢治,栗東吉村圭司,,22.6,12,,,,,
202608040205,10月4日(日),2歳新馬,芝,2000,,,アスクハイタッチ,牡,2,56.0,西塚洸二,栗東藤原英昭,,12.9,7,,,,,
202608040205,10月4日(日),2歳新馬,芝,2000,,,アンバーライト,牡,2,55.0,☆田山旺佑,栗東森田直行,,39.4,12,,,,,
202608040205,10月4日(日),2歳新馬,芝,2000,,,オミゴト,牡,2,56.0,池添謙一,栗東秋山真一郎,,11.2,6,,,,,
202608040205,10月4日(日),2歳新馬,芝,2000,,,クラウンソクラテス,牡,2,56.0,角田大和,栗東角田晃一,,8.0,3,,,,,
202608040205,10月4日(日),2歳新馬,芝,2000,,,ザキノシュガー,牡,2,56.0,鮫島克駿,栗東東田明士,,8.9,4,,,,,
202608040205,10月4日(日),2歳新馬,芝,2000,,,シュテルンライト,牡,2,56.0,小崎綾也,栗東小崎憲,,23.1,10,,,,,
202608040205,10月4日(日),2歳新馬,芝,2000,,,ジュンキング,牡,2,56.0,川田将雅,栗東友道康夫,,3.3,1,,,,,
202608040205,10月4日(日),2歳新馬,芝,2000,,,ジワールドコア,牡,2,56.0,吉村誠之助,栗東池江泰寿,,24.1,11,,,,,
202608040205,10月4日(日),2歳新馬,芝,2000,,,ジーティーギャング,牡,2,56.0,松山弘平,栗東福永祐一,,5.0,2,,,,,
202608040205,10月4日(日),2歳新馬,芝,2000,,,タナオルフォーリア,牡,2,56.0,田口貫太,栗東浜田多実雄,,18.8,9,,,,,
202608040205,10月4日(日),2歳新馬,芝,2000,,,トロカアニマダ,牡,2,56.0,国分恭介,栗東吉田直弘,,15.2,8,,,,,
202608040205,10月4日(日),2歳新馬,芝,2000,,,ピュティアス,牡,2,56.0,北村友一,栗東池添学,,8.9,5,,,,,
202608040206,10月4日(日),3歳以上1勝クラス,ダ,1800,,,インディゴ,セ,4,58.0,富田暁,栗東野中賢二,,35.3,13,,,,,
202608040206,10月4日(日),3歳以上1勝クラス,ダ,1800,,,エアアルチーナ,牝,3,54.0,松山弘平,栗東池添学,,3.5,1,,,,,
202608040206,10月4日(日),3歳以上1勝クラス,ダ,1800,,,エチゴドラゴン,牡,3,56.0,荻野琢真,栗東宮本博,,4.5,2,,,,,
202608040206,10月4日(日),3歳以上1勝クラス,ダ,1800,,,ゴンタ,牡,3,56.0,小崎綾也,栗東小崎憲,,11.7,5,,,,,
202608040206,10月4日(日),3歳以上1勝クラス,ダ,1800,,,サントルドパリ,牡,3,56.0,角田大和,栗東小林真也,,19.7,9,,,,,
202608040206,10月4日(日),3歳以上1勝クラス,ダ,1800,,,シャインベック,セ,4,58.0,亀田温心,栗東北出成人,,137.7,16,,,,,
202608040206,10月4日(日),3歳以上1勝クラス,ダ,1800,,,タイセイリアル,牡,5,56.0,◇古川奈穂,栗東矢作芳人,,12.6,6,,,,,
202608040206,10月4日(日),3歳以上1勝クラス,ダ,1800,,,テイエムスターラン,牡,3,56.0,高倉稜,栗東小椋研介,,21.7,10,,,,,
202608040206,10月4日(日),3歳以上1勝クラス,ダ,1800,,,テスタヴェローチェ,牡,3,55.0,☆田山旺佑,栗東須貝尚介,,17.0,8,,,,,
202608040206,10月4日(日),3歳以上1勝クラス,ダ,1800,,,ビゾー,セ,4,58.0,Ｍ．デムーロ,栗東斉藤崇史,,34.1,12,,,,,
202608040206,10月4日(日),3歳以上1勝クラス,ダ,1800,,,ビナハイバン,牡,3,56.0,松本大輝,栗東中尾秀正,,54.7,14,,,,,
202608040206,10月4日(日),3歳以上1勝クラス,ダ,1800,,,ブームバップビート,牡,3,56.0,小沢大仁,栗東中内田充正,,10.0,4,,,,,
202608040206,10月4日(日),3歳以上1勝クラス,ダ,1800,,,ホウオウストライク,牡,3,56.0,吉村誠之助,栗東池江泰寿,,9.0,3,,,,,
202608040206,10月4日(日),3歳以上1勝クラス,ダ,1800,,,マーゴットバディ,セ,3,56.0,鮫島克駿,栗東石坂公一,,13.3,7,,,,,
202608040206,10月4日(日),3歳以上1勝クラス,ダ,1800,,,メイショウカスガイ,牡,4,58.0,古川吉洋,栗東角田晃一,,58.0,15,,,,,
202608040206,10月4日(日),3歳以上1勝クラス,ダ,1800,,,メイショウソウテン,牡,3,56.0,田口貫太,栗東鈴木孝志,,25.8,11,,,,,
202608040207,10月4日(日),3歳以上1勝クラス,芝,1200,,,アルサック,牝,3,55.0,北村友一,栗東柴田卓,,6.9,2,,,,,
202608040207,10月4日(日),3歳以上1勝クラス,芝,1200,,,アーリントンロウ,牡,4,58.0,国分優作,栗東松下武士,,10.3,7,,,,,
202608040207,10月4日(日),3歳以上1勝クラス,芝,1200,,,グリフォン,牝,4,54.0,△柴田裕一郎,栗東小椋研介,,60.2,13,,,,,
202608040207,10月4日(日),3歳以上1勝クラス,芝,1200,,,グロリアスマーチ,牡,3,57.0,鮫島克駿,栗東須貝尚介,,11.4,9,,,,,
202608040207,10月4日(日),3歳以上1勝クラス,芝,1200,,,ソリスディエス,牡,4,58.0,富田暁,栗東小崎憲,,87.6,15,,,,,
202608040207,10月4日(日),3歳以上1勝クラス,芝,1200,,,ダイイズキャスト,牡,3,56.0,☆田山旺佑,栗東新谷功一,,68.5,14,,,,,
202608040207,10月4日(日),3歳以上1勝クラス,芝,1200,,,ニシノトリビュート,牡,3,57.0,Ｍ．デムーロ,栗東新谷功一,,10.9,8,,,,,
202608040207,10月4日(日),3歳以上1勝クラス,芝,1200,,,ブルズアイプリンス,牡,3,57.0,松本大輝,栗東森秀行,,52.8,12,,,,,
202608040207,10月4日(日),3歳以上1勝クラス,芝,1200,,,ブルーレース,牝,4,56.0,吉村誠之助,栗東宮本博,,8.3,3,,,,,
202608040207,10月4日(日),3歳以上1勝クラス,芝,1200,,,ベルサ,牝,4,54.0,◇今村聖奈,栗東鈴木孝志,,8.5,4,,,,,
202608040207,10月4日(日),3歳以上1勝クラス,芝,1200,,,ペルフェツィオーネ,牡,5,58.0,田口貫太,栗東杉山佳明,,198.7,18,,,,,
202608040207,10月4日(日),3歳以上1勝クラス,芝,1200,,,ホーリーステップ,牝,3,52.0,▲森田誠也,栗東斉藤崇史,,8.9,6,,,,,
202608040207,10月4日(日),3歳以上1勝クラス,芝,1200,,,マウンテンバローズ,牡,3,57.0,川田将雅,栗東清水久詞,,8.8,5,,,,,
202608040207,10月4日(日),3歳以上1勝クラス,芝,1200,,,ミトノリン,牝,3,55.0,斎藤新,栗東前川恭子,,44.6,11,,,,,
202608040207,10月4日(日),3歳以上1勝クラス,芝,1200,,,ムーンリットアイル,牝,3,55.0,松山弘平,栗東武英智,,4.7,1,,,,,
202608040207,10月4日(日),3歳以上1勝クラス,芝,1200,,,ラインピクシー,牝,4,56.0,角田大和,栗東長谷川浩大,,22.8,10,,,,,
202608040207,10月4日(日),3歳以上1勝クラス,芝,1200,,,ラブアイミー,牝,4,56.0,小崎綾也,栗東森田直行,,131.5,17,,,,,
202608040207,10月4日(日),3歳以上1勝クラス,芝,1200,,,リアルアルバ,牡,3,57.0,西塚洸二,栗東大橋勇樹,,91.1,16,,,,,
202608040208,10月4日(日),3歳以上2勝クラス,ダ,1400,,,アメリカンポリス,牡,4,58.0,鮫島克駿,栗東池江泰寿,,10.7,5,,,,,
202608040208,10月4日(日),3歳以上2勝クラス,ダ,1400,,,エコロボルト,セ,3,56.0,松本大輝,栗東森秀行,,39.7,10,,,,,
202608040208,10月4日(日),3歳以上2勝クラス,ダ,1400,,,オセアエクスプレス,牡,5,58.0,古川吉洋,美浦菊川正達,,94.5,13,,,,,
202608040208,10月4日(日),3歳以上2勝クラス,ダ,1400,,,キタノライブリー,牝,4,56.0,田口貫太,美浦本間忍,,124.2,15,,,,,
202608040208,10月4日(日),3歳以上2勝クラス,ダ,1400,,,ザックザク,牡,4,58.0,北村友一,栗東渡辺薫彦,,4.7,2,,,,,
202608040208,10月4日(日),3歳以上2勝クラス,ダ,1400,,,サヨノジャンボリー,牡,4,58.0,吉田隼人,美浦小笠倫弘,,18.0,9,,,,,
202608040208,10月4日(日),3歳以上2勝クラス,ダ,1400,,,ジューンアゲイン,牡,3,55.0,☆田山旺佑,栗東長谷川浩大,,3.3,1,,,,,
202608040208,10月4日(日),3歳以上2勝クラス,ダ,1400,,,デアプリームス,牝,3,54.0,池添謙一,美浦田島俊明,,16.9,8,,,,,
202608040208,10月4日(日),3歳以上2勝クラス,ダ,1400,,,バックトゥザライト,牡,6,58.0,西塚洸二,栗東辻野泰之,,66.2,12,,,,,
202608040208,10月4日(日),3歳以上2勝クラス,ダ,1400,,,フェスティヴドレス,牝,3,54.0,菱田裕二,栗東岡田稲男,,9.5,4,,,,,
202608040208,10月4日(日),3歳以上2勝クラス,ダ,1400,,,ポッドドンナー,牡,4,58.0,吉村誠之助,栗東辻野泰之,,15.9,7,,,,,
202608040208,10月4日(日),3歳以上2勝クラス,ダ,1400,,,マキシマムビスタ,牝,4,53.0,▲森田誠也,栗東斉藤崇史,,58.6,11,,,,,
202608040208,10月4日(日),3歳以上2勝クラス,ダ,1400,,,メモリーグラス,牡,6,58.0,小崎綾也,美浦松永康利,,345.3,16,,,,,
202608040208,10月4日(日),3歳以上2勝クラス,ダ,1400,,,モンシェリ,牝,5,53.0,▲和田陽希,栗東牧田和弥,,99.5,14,,,,,
202608040208,10月4日(日),3歳以上2勝クラス,ダ,1400,,,ライトオブヌカタ,牡,3,56.0,富田暁,栗東上村洋行,,5.1,3,,,,,
202608040208,10月4日(日),3歳以上2勝クラス,ダ,1400,,,ランスオブセヘル,牝,5,56.0,斎藤新,栗東奥村豊,,14.7,6,,,,,
202608040209,10月4日(日),大原ステークス,芝,2000,,,ヴィスマール,牡,5,58.0,小沢大仁,栗東奥村豊,,26.4,7,,,,,
202608040209,10月4日(日),大原ステークス,芝,2000,,,オールセインツ,セ,5,58.0,富田暁,栗東友道康夫,,62.7,15,,,,,
202608040209,10月4日(日),大原ステークス,芝,2000,,,カリーニョ,牡,5,58.0,川田将雅,栗東杉山晴紀,,7.5,4,,,,,
202608040209,10月4日(日),大原ステークス,芝,2000,,,キュクヌス,牝,5,56.0,吉村誠之助,栗東池江泰寿,,33.4,10,,,,,
202608040209,10月4日(日),大原ステークス,芝,2000,,,キントリヒ,牡,7,58.0,田口貫太,美浦矢野英一,,138.2,18,,,,,
202608040209,10月4日(日),大原ステークス,芝,2000,,,シンゼンカガ,牡,4,58.0,吉田隼人,栗東荒川義之,,43.3,13,,,,,
202608040209,10月4日(日),大原ステークス,芝,2000,,,スズカダブル,牡,6,58.0,鮫島克駿,栗東西村真幸,,73.4,16,,,,,
202608040209,10月4日(日),大原ステークス,芝,2000,,,チェルノボーグ,セ,7,58.0,西塚洸二,栗東藤原英昭,,33.3,9,,,,,
202608040209,10月4日(日),大原ステークス,芝,2000,,,ナムラフッカー,牡,5,58.0,菱田裕二,栗東長谷川浩大,,104.0,17,,,,,
202608040209,10月4日(日),大原ステークス,芝,2000,,,ファームツエンティ,セ,6,58.0,酒井学,栗東北出成人,,21.6,5,,,,,
202608040209,10月4日(日),大原ステークス,芝,2000,,,ホウオウアートマン,牡,4,58.0,吉田豊,栗東矢作芳人,,60.6,14,,,,,
202608040209,10月4日(日),大原ステークス,芝,2000,,,ホウオウスーペリア,牡,6,58.0,高杉吏麒,栗東吉岡辰弥,,35.9,12,,,,,
202608040209,10月4日(日),大原ステークス,芝,2000,,,ミスタージーティー,牡,5,58.0,斎藤新,栗東矢作芳人,,27.5,8,,,,,
202608040209,10月4日(日),大原ステークス,芝,2000,,,ミュージシャン,牡,4,58.0,松山弘平,栗東杉山晴紀,,5.5,2,,,,,
202608040209,10月4日(日),大原ステークス,芝,2000,,,リーティアコナル,牡,4,58.0,小崎綾也,栗東高橋一哉,,35.4,11,,,,,
202608040209,10月4日(日),大原ステークス,芝,2000,,,レディーミコノス,牝,4,56.0,田山旺佑,栗東寺島良,,21.6,6,,,,,
202608040209,10月4日(日),大原ステークス,芝,2000,,,ロードフィレール,牡,3,56.0,横山和生,栗東吉岡辰弥,,2.6,1,,,,,
202608040209,10月4日(日),大原ステークス,芝,2000,,,ローベルクランツ,牡,3,56.0,北村友一,栗東小林真也,,5.6,3,,,,,
202608040210,10月4日(日),藤森ステークス,ダ,1200,,,アガシ,セ,5,57.0,田口貫太,栗東庄野靖志,,49.5,12,,,,,
202608040210,10月4日(日),藤森ステークス,ダ,1200,,,エコロエイト,牡,5,57.0,江田照男,美浦中舘英二,,36.6,9,,,,,
202608040210,10月4日(日),藤森ステークス,ダ,1200,,,エンヤラヴフェイス,牡,5,57.0,松山弘平,栗東森田直行,,8.3,4,,,,,
202608040210,10月4日(日),藤森ステークス,ダ,1200,,,グッジョブ,牡,6,57.0,Ｍ．デムーロ,栗東牧浦充徳,,62.6,14,,,,,
202608040210,10月4日(日),藤森ステークス,ダ,1200,,,ケイアイアニラ,牡,6,57.0,高杉吏麒,栗東吉岡辰弥,,74.3,15,,,,,
202608040210,10月4日(日),藤森ステークス,ダ,1200,,,コンクイスタ,セ,6,59.0,北村友一,栗東吉岡辰弥,,13.0,5,,,,,
202608040210,10月4日(日),藤森ステークス,ダ,1200,,,サトノカルナバル,牡,4,57.0,菱田裕二,美浦堀宣行,,41.6,11,,,,,
202608040210,10月4日(日),藤森ステークス,ダ,1200,,,スマートフォルス,牡,6,57.0,鮫島克駿,栗東吉村圭司,,17.8,7,,,,,
202608040210,10月4日(日),藤森ステークス,ダ,1200,,,ゼットエール,牡,4,57.0,松本大輝,栗東吉田直弘,,3.1,1,,,,,
202608040210,10月4日(日),藤森ステークス,ダ,1200,,,ドンレパルス,牡,7,57.0,田山旺佑,美浦高木登,,23.3,8,,,,,
202608040210,10月4日(日),藤森ステークス,ダ,1200,,,ペプチドヤマト,牡,7,58.0,高倉稜,栗東武英智,,49.9,13,,,,,
202608040210,10月4日(日),藤森ステークス,ダ,1200,,,メイショウホウレン,牡,5,58.0,浜中俊,栗東安達昭夫,,3.9,2,,,,,
202608040210,10月4日(日),藤森ステークス,ダ,1200,,,ルージュラナキラ,牝,4,55.0,斎藤新,美浦加藤征弘,,38.3,10,,,,,
202608040210,10月4日(日),藤森ステークス,ダ,1200,,,ロードアウォード,セ,6,58.0,横山和生,栗東吉岡辰弥,,17.4,6,,,,,
202608040210,10月4日(日),藤森ステークス,ダ,1200,,,ロードフロンティア,牡,5,57.0,川須栄彦,栗東松下武士,,6.4,3,,,,,
202608040210,10月4日(日),藤森ステークス,ダ,1200,,,ロードラディウス,牡,6,57.0,吉村誠之助,栗東森田直行,,86.1,16,,,,,
202608040211,10月4日(日),京都大賞典,芝,2400,,,アクアヴァーナル,牝,5,55.0,松山弘平,栗東四位洋文,,5.9,2,,,,,
202608040211,10月4日(日),京都大賞典,芝,2400,,,ウエストナウ,牡,5,57.0,横山和生,栗東寺島良,,17.9,6,,,,,
202608040211,10月4日(日),京都大賞典,芝,2400,,,ヴェルテンベルク,牡,6,57.0,古川吉洋,栗東宮本博,,23.9,7,,,,,
202608040211,10月4日(日),京都大賞典,芝,2400,,,ヴェルミセル,牝,6,55.0,川又賢治,栗東吉村圭司,,148.2,17,,,,,
202608040211,10月4日(日),京都大賞典,芝,2400,,,エコロディノス,牡,4,57.0,田口貫太,栗東大久保龍志,,33.3,13,,,,,
202608040211,10月4日(日),京都大賞典,芝,2400,,,キングスコール,牡,4,57.0,吉田豊,栗東矢作芳人,,27.1,10,,,,,
202608040211,10月4日(日),京都大賞典,芝,2400,,,サヴォーナ,牡,6,57.0,斎藤新,栗東中竹和也,,25.1,9,,,,,
202608040211,10月4日(日),京都大賞典,芝,2400,,,サフィラ,牝,5,55.0,北村友一,栗東池添学,,74.5,14,,,,,
202608040211,10月4日(日),京都大賞典,芝,2400,,,ショウナンラプンタ,牡,5,57.0,池添謙一,栗東高野友和,,24.8,8,,,,,
202608040211,10月4日(日),京都大賞典,芝,2400,,,ダノンシーマ,牡,4,57.0,川田将雅,栗東中内田充正,,2.6,1,,,,,
202608040211,10月4日(日),京都大賞典,芝,2400,,,ディープモンスター,牡,8,58.0,浜中俊,栗東池江泰寿,,6.7,3,,,,,
202608040211,10月4日(日),京都大賞典,芝,2400,,,ファミリータイム,牡,5,57.0,鮫島克駿,栗東石坂公一,,32.0,12,,,,,
202608040211,10月4日(日),京都大賞典,芝,2400,,,ヘデントール,牡,5,58.0,吉田隼人,美浦木村哲也,,7.4,4,,,,,
202608040211,10月4日(日),京都大賞典,芝,2400,,,マイネルエンペラー,牡,6,57.0,吉村誠之助,栗東清水久詞,,28.8,11,,,,,
202608040211,10月4日(日),京都大賞典,芝,2400,,,ミクニインスパイア,牡,4,57.0,Ｍ．デムーロ,美浦林徹,,16.3,5,,,,,
202608040211,10月4日(日),京都大賞典,芝,2400,,,ミステリーウェイ,セ,8,58.0,松本大輝,栗東小林真也,,115.6,16,,,,,
202608040211,10月4日(日),京都大賞典,芝,2400,,,メイショウブレゲ,牡,7,57.0,酒井学,栗東本田優,,199.3,18,,,,,
202608040211,10月4日(日),京都大賞典,芝,2400,,,リビアングラス,牡,6,57.0,小沢大仁,栗東矢作芳人,,113.2,15,,,,,
202608040212,10月4日(日),3歳以上2勝クラス,芝,1200,,,アイニードユー,牝,3,55.0,川田将雅,栗東吉村圭司,,2.4,1,,,,,
202608040212,10月4日(日),3歳以上2勝クラス,芝,1200,,,ガラベイヤ,牝,3,55.0,横山和生,美浦加藤士津八,,6.8,3,,,,,
202608040212,10月4日(日),3歳以上2勝クラス,芝,1200,,,グッドピース,牡,3,57.0,鮫島克駿,栗東高野友和,,12.0,4,,,,,
202608040212,10月4日(日),3歳以上2勝クラス,芝,1200,,,サクセスカラー,牝,5,56.0,吉田豊,美浦久保田貴士,,39.7,11,,,,,
202608040212,10月4日(日),3歳以上2勝クラス,芝,1200,,,サンライズプルート,牡,6,58.0,吉村誠之助,栗東東田明士,,32.2,8,,,,,
202608040212,10月4日(日),3歳以上2勝クラス,芝,1200,,,ジュルナール,牝,4,56.0,池添謙一,栗東池添学,,45.4,13,,,,,
202608040212,10月4日(日),3歳以上2勝クラス,芝,1200,,,スイミーユニバンス,牝,6,56.0,浜中俊,栗東平田修,,39.4,10,,,,,
202608040212,10月4日(日),3歳以上2勝クラス,芝,1200,,,スネーフリンガ,牝,4,56.0,松山弘平,栗東森田直行,,18.8,7,,,,,
202608040212,10月4日(日),3歳以上2勝クラス,芝,1200,,,タマカヅラ,牝,4,56.0,斎藤新,美浦斎藤誠,,81.0,15,,,,,
202608040212,10月4日(日),3歳以上2勝クラス,芝,1200,,,トップアタック,牡,3,57.0,小沢大仁,栗東小椋研介,,5.3,2,,,,,
202608040212,10月4日(日),3歳以上2勝クラス,芝,1200,,,バシレウスシチー,牡,7,58.0,菱田裕二,栗東岡田稲男,,123.3,17,,,,,
202608040212,10月4日(日),3歳以上2勝クラス,芝,1200,,,ファイツオン,牡,5,58.0,吉田隼人,栗東藤岡健一,,44.5,12,,,,,
202608040212,10月4日(日),3歳以上2勝クラス,芝,1200,,,マイネルラッシュ,牡,6,58.0,国分恭介,美浦水野貴広,,146.3,18,,,,,
202608040212,10月4日(日),3歳以上2勝クラス,芝,1200,,,マーゴットミスト,牡,3,57.0,田口貫太,栗東杉山佳明,,13.1,5,,,,,
202608040212,10月4日(日),3歳以上2勝クラス,芝,1200,,,メイショウゴールド,牡,4,58.0,酒井学,栗東荒川義之,,45.6,14,,,,,
202608040212,10月4日(日),3歳以上2勝クラス,芝,1200,,,モンサンゴールデン,牡,3,55.0,△柴田裕一郎,栗東中竹和也,,13.1,6,,,,,
202608040212,10月4日(日),3歳以上2勝クラス,芝,1200,,,ルージュサウダージ,牝,3,55.0,角田大和,栗東松永幹夫,,83.0,16,,,,,
202608040212,10月4日(日),3歳以上2勝クラス,芝,1200,,,ロードトレゾール,牡,5,55.0,▲和田陽希,栗東清水久詞,,35.7,9,,,,,
