race_id,date,race_name,pattern,ticket,buy_detail
202605040101,10月3日(土),2歳未勝利,④ 波乱気配 (大混戦),3連複 5頭BOX (10点),"BOX: 13(スターフラッシュ)(◎), 15(ヒゲキリ)(◯), 05(ワンダーマーベル)(▲), 10(アオイノリプー)(△), 03(サードアイ)(☆1)"
202605040102,10月3日(土),2歳未勝利,④ 波乱気配 (大混戦),3連複 5頭BOX (10点),"BOX: 08(シアルナーレ)(◎), 06(ロゼプレミア)(◯), 11(スターマイン)(▲), 04(インテルラゴス)(△), 05(トパーズプレミア)(☆1)"
202605040103,10月3日(土),2歳新馬,① 1強気配 (軸圧倒) 🔥勝負!,3連単 1着固定 (6点),"1着: 12(マデイラシトリン)(◎) -> 2・3着: 17(バサーニオ)(◯), 15(サツキマンボ)(▲), 03(アオイレイラ)(△)"
202605040104,10月3日(土),3歳以上障害OP,④ 波乱気配 (大混戦),3連複 5頭BOX (10点),"BOX: 09(サトノエピック)(◎), 03(ブライトマン)(◯), 08(セイウンパシュート)(▲), 12(ロードオールライト)(△), 04(エーオーキング)(☆1)"
202605040105,10月3日(土),2歳新馬,① 1強気配 (軸圧倒) 🔥勝負!,3連単 1着固定 (6点),"1着: 03(ヴァルカモニカ)(◎) -> 2・3着: 09(サラサシンシアズ)(◯), 04(ビタークレス)(▲), 07(アイアンマン)(△)"
202605040106,10月3日(土),3歳以上1勝クラス,④ 波乱気配 (大混戦),3連複 5頭BOX (10点),"BOX: 13(ローズブーケ)(◎), 01(ミヤエスケープ)(◯), 06(ロジザボード)(▲), 07(チームユートピア)(△), 08(クラリネットソナタ)(☆1)"
202605040107,10月3日(土),3歳以上1勝クラス,③ 混戦気配 (標準展開),3連複 ◎1頭軸流し (10点),"軸: 02(グリオンヴール)(◎) -> 相手: 14(ワディアルリヤハ)(◯), 07(アイアンパイク)(▲), 12(リラ)(△), 06(ノーブルクロンヌ)(☆1), 18(カフェラバー)(☆2)"
202605040108,10月3日(土),3歳以上1勝クラス,④ 波乱気配 (大混戦),3連複 5頭BOX (10点),"BOX: 02(プレースメント)(◎), 03(マサッチェハマー)(◯), 15(ファンタイムギフト)(▲), 08(ピースサイン)(△), 05(エドワードバローズ)(☆1)"
202605040109,10月3日(土),八ケ岳特別,② 2強気配 (頭分け対抗) 🔥勝負!,3連単 ダブル軸 (12点),"1着: 04(フィールドノート)(◎), 07(ミッキージャンプ)(◯) -> 2着: ◎, ◯, 10(ノビリシマビジョン)(▲) -> 3着: ◎, ◯, ▲, 08(ドッグウッド)(△)"
202605040110,10月3日(土),白秋S,④ 波乱気配 (大混戦),3連複 5頭BOX (10点),"BOX: 05(レッドキングリー)(◎), 12(フォーゲル)(◯), 09(トライアンフパス)(▲), 03(ホウオウシェリー)(△), 07(チャンネルトンネル)(☆1)"
202605040111,10月3日(土),グリーンチャンネルC,④ 波乱気配 (大混戦),3連複 5頭BOX (10点),"BOX: 03(スナッピードレッサ)(◎), 04(ヘニーガイスト)(◯), 11(ジャスティンアース)(▲), 05(ドンエレクトス)(△), 01(ルヴァレドクール)(☆1)"
202605040112,10月3日(土),3歳以上2勝クラス,④ 波乱気配 (大混戦),3連複 5頭BOX (10点),"BOX: 08(マジッククッキー)(◎), 06(ヘリテージブルーム)(◯), 04(レーティッシュ)(▲), 12(ケブランリ)(△), 10(ショーリバース)(☆1)"
202605040201,10月4日(日),2歳未勝利,④ 波乱気配 (大混戦),3連複 5頭BOX (10点),"BOX: 未定(ダノンダックス)(◎), 未定(エピックジャーニー)(◯), 未定(ミスティビーコン)(▲), 未定(イニシャルポイント)(△), 未定(コンフィアル)(☆1)"
202605040202,10月4日(日),2歳未勝利,④ 波乱気配 (大混戦),3連複 5頭BOX (10点),"BOX: 未定(ピクシーブラスト)(◎), 未定(エーアイクワイ)(◯), 未定(セイウンイーリス)(▲), 未定(ヨドノプレミアム)(△), 未定(コックニー)(☆1)"
202605040203,10月4日(日),2歳新馬,③ 混戦気配 (標準展開),3連複 ◎1頭軸流し (10点),"軸: 未定(タイザンフクン)(◎) -> 相手: 未定(ドーリック)(◯), 未定(フェデュデスタン)(▲), 未定(アルヴィットーリア)(△), 未定(ピュアティアラ)(☆1), 未定(サラサハヤブサ)(☆2)"
202605040204,10月4日(日),3歳以上障害未勝利,④ 波乱気配 (大混戦),3連複 5頭BOX (10点),"BOX: 未定(タガノバルコス)(◎), 未定(アップストローク)(◯), 未定(エンジョイドライブ)(▲), 未定(キャプテンシー)(△), 未定(フラムリンガム)(☆1)"
202605040205,10月4日(日),2歳新馬,① 1強気配 (軸圧倒) 🔥勝負!,3連単 1着固定 (6点),"1着: 未定(リントヴルム)(◎) -> 2・3着: 未定(シャインシュネル)(◯), 未定(ロジヴィジョン)(▲), 未定(エメラルドプレミア)(△)"
202605040206,10月4日(日),2歳新馬,③ 混戦気配 (標準展開),3連複 ◎1頭軸流し (10点),"軸: 未定(ジョーティス)(◎) -> 相手: 未定(シドニーハーバー)(◯), 未定(リプレイハズシ)(▲), 未定(ゴールドパーティー)(△), 未定(サンデー)(☆1), 未定(ウィレマイト)(☆2)"
202605040207,10月4日(日),3歳以上1勝クラス,④ 波乱気配 (大混戦),3連複 5頭BOX (10点),"BOX: 未定(セブンメデュラス)(◎), 未定(アバレリュウ)(◯), 未定(レピュニット)(▲), 未定(ヘルヴェティオス)(△), 未定(ペロ)(☆1)"
202605040208,10月4日(日),3歳以上1勝クラス,④ 波乱気配 (大混戦),3連複 5頭BOX (10点),"BOX: 未定(ソラネルマン)(◎), 未定(ディバインウインド)(◯), 未定(ヤエギリ)(▲), 未定(フリーヤ)(△), 未定(テンレディーゴー)(☆1)"
202605040209,10月4日(日),tvk賞,④ 波乱気配 (大混戦),3連複 5頭BOX (10点),"BOX: 未定(スペルーチェ)(◎), 未定(ラパンチュール)(◯), 未定(フェルミアーク)(▲), 未定(ウフドゥウフ)(△), 未定(イヌボウノウタゴエ)(☆1)"
202605040210,10月4日(日),赤富士S,② 2強気配 (頭分け対抗) 🔥勝負!,3連単 ダブル軸 (12点),"1着: 未定(オンザムービー)(◎), 未定(トクシーカイザー)(◯) -> 2着: ◎, ◯, 未定(アラレタバシル)(▲) -> 3着: ◎, ◯, ▲, 未定(ブレトワルダ)(△)"
202605040211,10月4日(日),毎日王冠,④ 波乱気配 (大混戦),3連複 5頭BOX (10点),"BOX: 04(サトノシャイニング)(◎), 02(リアライズシリウス)(◯), 06(ライヒスアドラー)(▲), 14(レイニング)(△), 01(セイウンハーデス)(☆1)"
202605040212,10月4日(日),3歳以上2勝クラス,② 2強気配 (頭分け対抗) 🔥勝負!,3連単 ダブル軸 (12点),"1着: 未定(ザーフィル)(◎), 未定(ライフゲート)(◯) -> 2着: ◎, ◯, 未定(ナイトスラッガー)(▲) -> 3着: ◎, ◯, ▲, 未定(レッドベルダンス)(△)"
202608040101,10月3日(土),2歳未勝利,④ 波乱気配 (大混戦),3連複 5頭BOX (10点),"BOX: 13(ジョルティーニ)(◎), 05(ペアスターロード)(◯), 15(ゴールデンレシオ)(▲), 04(アイボリータワー)(△), 03(ダノンアズール)(☆1)"
202608040102,10月3日(土),2歳未勝利,④ 波乱気配 (大混戦),3連複 5頭BOX (10点),"BOX: 03(メイショウジェード)(◎), 08(ルーメンルーナエ)(◯), 01(イッペイ)(▲), 10(ウィクフォード)(△), 05(コルサロ)(☆1)"
202608040103,10月3日(土),3歳以上1勝クラス,④ 波乱気配 (大混戦),3連複 5頭BOX (10点),"BOX: 01(スターフュージョン)(◎), 11(ヒルノプーリア)(◯), 02(ワイズギャング)(▲), 14(ダンシングドール)(△), 12(ショウナンラウール)(☆1)"
202608040104,10月3日(土),2歳新馬,① 1強気配 (軸圧倒) 🔥勝負!,3連単 1着固定 (6点),"1着: 05(モンサンブラヴール)(◎) -> 2・3着: 06(ガジュノリプリンス)(◯), 11(タガノクレーキング)(▲), 10(サンライズビッグ)(△)"
202608040105,10月3日(土),2歳新馬,② 2強気配 (頭分け対抗) 🔥勝負!,3連単 ダブル軸 (12点),"1着: 10(マジュリス)(◎), 15(ポネンテ)(◯) -> 2着: ◎, ◯, 07(メイショウソレイユ)(▲) -> 3着: ◎, ◯, ▲, 08(コスモフィデリタス)(△)"
202608040106,10月3日(土),3歳以上1勝クラス,④ 波乱気配 (大混戦),3連複 5頭BOX (10点),"BOX: 10(キッコベッロ)(◎), 08(ダンツウルス)(◯), 01(ノンブルドール)(▲), 04(ガウディ)(△), 13(カットソロ)(☆1)"
202608040107,10月3日(土),3歳以上1勝クラス,③ 混戦気配 (標準展開),3連複 ◎1頭軸流し (10点),"軸: 14(ペプチドレオン)(◎) -> 相手: 07(ブロンテス)(◯), 11(フレイムスター)(▲), 05(パンサーズ)(△), 15(ゴディアンフィンチ)(☆1), 04(ダノンクロム)(☆2)"
202608040108,10月3日(土),3歳以上2勝クラス,④ 波乱気配 (大混戦),3連複 5頭BOX (10点),"BOX: 05(ブレットパス)(◎), 09(アクロフェイズ)(◯), 04(サトノアイボリー)(▲), 07(イベントホライゾン)(△), 06(サミダレナイツ)(☆1)"
202608040109,10月3日(土),りんどう賞,③ 混戦気配 (標準展開),3連複 ◎1頭軸流し (10点),"軸: 07(ラムラベイ)(◎) -> 相手: 01(ベニバナ)(◯), 06(ヴィヴェローネ)(▲), 03(ギャルズマインド)(△), 02(エストレアボニータ)(☆1), 04(セイウンリリーナ)(☆2)"
202608040110,10月3日(土),大山崎S,④ 波乱気配 (大混戦),3連複 5頭BOX (10点),"BOX: 14(ルクスデイジー)(◎), 06(ウルスクローム)(◯), 11(テーオーグレーザー)(▲), 08(アメリカンチケット)(△), 12(トーアジョウトウ)(☆1)"
202608040111,10月3日(土),オパールS,④ 波乱気配 (大混戦),3連複 5頭BOX (10点),"BOX: 18(ディアナザール)(◎), 10(ヒシアイラ)(◯), 16(フロムダスク)(▲), 13(クラスペディア)(△), 08(レッドエヴァンス)(☆1)"
202608040112,10月3日(土),3歳以上2勝クラス,④ 波乱気配 (大混戦),3連複 5頭BOX (10点),"BOX: 14(システマソラー)(◎), 13(メイショウコシュウ)(◯), 07(タンテドヴィーヴル)(▲), 10(ショーダンサー)(△), 11(ジョータルマエ)(☆1)"
202608040201,10月4日(日),2歳未勝利,④ 波乱気配 (大混戦),3連複 5頭BOX (10点),"BOX: 未定(マーノマエストロ)(◎), 未定(マーズエクレール)(◯), 未定(タガノフリアン)(▲), 未定(プリメラエストレラ)(△), 未定(ジュンヴァグネル)(☆1)"
202608040202,10月4日(日),2歳未勝利,③ 混戦気配 (標準展開),3連複 ◎1頭軸流し (10点),"軸: 未定(レイクイーン)(◎) -> 相手: 未定(ブロッサムスピア)(◯), 未定(キシゲヒーロー)(▲), 未定(レインボースター)(△), 未定(テムスピード)(☆1), 未定(ラッキーハナコ)(☆2)"
202608040203,10月4日(日),2歳新馬,① 1強気配 (軸圧倒) 🔥勝負!,3連単 1着固定 (6点),"1着: 未定(アップルペアー)(◎) -> 2・3着: 未定(インユアスカイ)(◯), 未定(ダイヴ)(▲), 未定(ギニー)(△)"
202608040204,10月4日(日),2歳新馬,① 1強気配 (軸圧倒) 🔥勝負!,3連単 1着固定 (6点),"1着: 未定(サウンドアミューズ)(◎) -> 2・3着: 未定(アマスペラーレ)(◯), 未定(ジャヤ)(▲), 未定(シュネルマリス)(△)"
202608040205,10月4日(日),2歳新馬,① 1強気配 (軸圧倒) 🔥勝負!,3連単 1着固定 (6点),"1着: 未定(アンバーライト)(◎) -> 2・3着: 未定(アスクハイタッチ)(◯), 未定(オミゴト)(▲), 未定(クラウンソクラテス)(△)"
202608040206,10月4日(日),3歳以上1勝クラス,④ 波乱気配 (大混戦),3連複 5頭BOX (10点),"BOX: 未定(エチゴドラゴン)(◎), 未定(マーゴットバディ)(◯), 未定(エアアルチーナ)(▲), 未定(ブームバップビート)(△), 未定(タイセイリアル)(☆1)"
202608040207,10月4日(日),3歳以上1勝クラス,④ 波乱気配 (大混戦),3連複 5頭BOX (10点),"BOX: 未定(ムーンリットアイル)(◎), 未定(ブルーレース)(◯), 未定(ベルサ)(▲), 未定(アーリントンロウ)(△), 未定(ホーリーステップ)(☆1)"
202608040208,10月4日(日),3歳以上2勝クラス,④ 波乱気配 (大混戦),3連複 5頭BOX (10点),"BOX: 未定(ジューンアゲイン)(◎), 未定(デアプリームス)(◯), 未定(ザックザク)(▲), 未定(ランスオブセヘル)(△), 未定(アメリカンポリス)(☆1)"
202608040209,10月4日(日),大原S,③ 混戦気配 (標準展開),3連複 ◎1頭軸流し (10点),"軸: 未定(ロードフィレール)(◎) -> 相手: 未定(ミュージシャン)(◯), 未定(ローベルクランツ)(▲), 未定(カリーニョ)(△), 未定(レディーミコノス)(☆1), 未定(キュクヌス)(☆2)"
202608040210,10月4日(日),藤森S,④ 波乱気配 (大混戦),3連複 5頭BOX (10点),"BOX: 未定(ゼットエール)(◎), 未定(コンクイスタ)(◯), 未定(メイショウホウレン)(▲), 未定(ロードフロンティア)(△), 未定(ドンレパルス)(☆1)"
202608040211,10月4日(日),京都大賞典,④ 波乱気配 (大混戦),3連複 5頭BOX (10点),"BOX: 04(ヘデントール)(◎), 06(アクアヴァーナル)(◯), 18(ダノンシーマ)(▲), 02(ヴェルテンベルク)(△), 17(キングスコール)(☆1)"
202608040212,10月4日(日),3歳以上2勝クラス,④ 波乱気配 (大混戦),3連複 5頭BOX (10点),"BOX: 未定(アイニードユー)(◎), 未定(トップアタック)(◯), 未定(ガラベイヤ)(▲), 未定(モンサンゴールデン)(△), 未定(マーゴットミスト)(☆1)"
